ability_identifier,language_identifier,name
adaptability,jp-kana,てきおうりょく
adaptability,jp-kanji,てきおうりょく
adaptability,en,Adaptability
adaptability,fr,Adaptabilité
adaptability,it,Adattabilità
adaptability,de,Anpassung
adaptability,es,Adaptable
adaptability,ko,적응력
adaptability,zh-simp,适应力
adaptability,zh-trad,適應力
aerilate,jp-kana,スカイスキン
aerilate,jp-kanji,スカイスキン
aerilate,en,Aerilate
aerilate,fr,Peau Céleste
aerilate,it,Pellecielo
aerilate,de,Zenithaut
aerilate,es,Piel Celeste
aerilate,ko,스카이스킨
aerilate,zh-simp,飞行皮肤
aerilate,zh-trad,飛行皮膚
aftermath,jp-kana,ゆうばく
aftermath,jp-kanji,ゆうばく
aftermath,en,Aftermath
aftermath,fr,Boom Final
aftermath,it,Scoppio
aftermath,de,Finalschlag
aftermath,es,Detonación
aftermath,ko,유폭
aftermath,zh-simp,诱爆
aftermath,zh-trad,引爆
air-lock,jp-kana,エアロック
air-lock,jp-kanji,エアロック
air-lock,en,Air Lock
air-lock,fr,Air Lock
air-lock,it,Riparo
air-lock,de,Klimaschutz
air-lock,es,Esclusa de Aire
air-lock,ko,에어록
air-lock,zh-simp,气闸
air-lock,zh-trad,氣閘
analytic,jp-kana,アナライズ
analytic,jp-kanji,アナライズ
analytic,en,Analytic
analytic,fr,Analyste
analytic,it,Ponderazione
analytic,de,Analyse
analytic,es,Cálculo Final
analytic,ko,애널라이즈
analytic,zh-simp,分析
analytic,zh-trad,分析
anger-point,jp-kana,いかりのつぼ
anger-point,jp-kanji,いかりのつぼ
anger-point,en,Anger Point
anger-point,fr,Colérique
anger-point,it,Grancollera
anger-point,de,Kurzschluss
anger-point,es,Irascible
anger-point,ko,분노의경혈
anger-point,zh-simp,愤怒穴位
anger-point,zh-trad,憤怒穴位
anger-shell,jp-kana,いかりのこうら
anger-shell,jp-kanji,いかりのこうら
anger-shell,en,Anger Shell
anger-shell,fr,Courroupace
anger-shell,it,Iraguscio
anger-shell,de,Wutpanzer
anger-shell,es,Coraza Ira
anger-shell,ko,분노의껍질
anger-shell,zh-simp,愤怒甲壳
anger-shell,zh-trad,憤怒甲殼
anticipation,jp-kana,きけんよち
anticipation,jp-kanji,きけんよち
anticipation,en,Anticipation
anticipation,fr,Anticipation
anticipation,it,Presagio
anticipation,de,Vorahnung
anticipation,es,Anticipación
anticipation,ko,위험예지
anticipation,zh-simp,危险预知
anticipation,zh-trad,危險預知
arena-trap,jp-kana,ありじごく
arena-trap,jp-kanji,ありじごく
arena-trap,en,Arena Trap
arena-trap,fr,Piège Sable
arena-trap,it,Trappoarena
arena-trap,de,Ausweglos
arena-trap,es,Trampa Arena
arena-trap,ko,개미지옥
arena-trap,zh-simp,沙穴
arena-trap,zh-trad,沙穴
armor-tail,jp-kana,テイルアーマー
armor-tail,jp-kanji,テイルアーマー
armor-tail,en,Armor Tail
armor-tail,fr,Armure Caudale
armor-tail,it,Codarmatura
armor-tail,de,Schweifrüstung
armor-tail,es,Cola Armadura
armor-tail,ko,테일아머
armor-tail,zh-simp,尾甲
armor-tail,zh-trad,尾甲
aroma-veil,jp-kana,アロマベール
aroma-veil,jp-kanji,アロマベール
aroma-veil,en,Aroma Veil
aroma-veil,fr,Aroma-Voile
aroma-veil,it,Aromavelo
aroma-veil,de,Dufthülle
aroma-veil,es,Velo Aroma
aroma-veil,ko,아로마베일
aroma-veil,zh-simp,芳香幕
aroma-veil,zh-trad,芳香幕
as-one--glastrier,jp-kana,じんばいったい
as-one--glastrier,jp-kanji,じんばいったい
as-one--glastrier,en,As One
as-one--glastrier,fr,Osmose Équine
as-one--glastrier,it,Sintonia Equina
as-one--glastrier,de,Reitgespann
as-one--glastrier,es,Unidad Ecuestre
as-one--glastrier,ko,혼연일체
as-one--glastrier,zh-simp,人马一体
as-one--glastrier,zh-trad,人馬一體
as-one--spectrier,jp-kana,じんばいったい
as-one--spectrier,jp-kanji,じんばいったい
as-one--spectrier,en,As One
as-one--spectrier,fr,Osmose Équine
as-one--spectrier,it,Sintonia Equina
as-one--spectrier,de,Reitgespann
as-one--spectrier,es,Unidad Ecuestre
as-one--spectrier,ko,혼연일체
as-one--spectrier,zh-simp,人马一体
as-one--spectrier,zh-trad,人馬一體
aura-break,jp-kana,オーラブレイク
aura-break,jp-kanji,オーラブレイク
aura-break,en,Aura Break
aura-break,fr,Aura Inversée
aura-break,it,Frangiaura
aura-break,de,Aura-Umkehr
aura-break,es,Rompeaura
aura-break,ko,오라브레이크
aura-break,zh-simp,气场破坏
aura-break,zh-trad,氣場破壞
bad-dreams,jp-kana,ナイトメア
bad-dreams,jp-kanji,ナイトメア
bad-dreams,en,Bad Dreams
bad-dreams,fr,Mauvais Rêve
bad-dreams,it,Sogniamari
bad-dreams,de,Alptraum
bad-dreams,es,Mal Sueño
bad-dreams,ko,나이트메어
bad-dreams,zh-simp,梦魇
bad-dreams,zh-trad,夢魘
ball-fetch,jp-kana,たまひろい
ball-fetch,jp-kanji,たまひろい
ball-fetch,en,Ball Fetch
ball-fetch,fr,Ramasse Ball
ball-fetch,it,Raccattapalle
ball-fetch,de,Apport
ball-fetch,es,Recogebolas
ball-fetch,ko,볼줍기
ball-fetch,zh-simp,捡球
ball-fetch,zh-trad,撿球
battery,jp-kana,バッテリー
battery,jp-kanji,バッテリー
battery,en,Battery
battery,fr,Batterie
battery,it,Batteria
battery,de,Batterie
battery,es,Batería
battery,ko,배터리
battery,zh-simp,蓄电池
battery,zh-trad,蓄電池
battle-armor,jp-kana,カブトアーマー
battle-armor,jp-kanji,カブトアーマー
battle-armor,en,Battle Armor
battle-armor,fr,Armurbaston
battle-armor,it,Lottascudo
battle-armor,de,Kampfpanzer
battle-armor,es,Armadura Batalla
battle-armor,ko,전투무장
battle-armor,zh-simp,战斗盔甲
battle-armor,zh-trad,戰鬥盔甲
battle-bond,jp-kana,きずなへんげ
battle-bond,jp-kanji,きずなへんげ
battle-bond,en,Battle Bond
battle-bond,fr,Synergie
battle-bond,it,Morfosintonia
battle-bond,de,Freundschaftsakt
battle-bond,es,Fuerte Afecto
battle-bond,ko,유대변화
battle-bond,zh-simp,牵绊变身
battle-bond,zh-trad,牽絆變身
beads-of-ruin,jp-kana,わざわいのたま
beads-of-ruin,jp-kanji,わざわいのたま
beads-of-ruin,en,Beads of Ruin
beads-of-ruin,fr,Perles du Fléau
beads-of-ruin,it,Monile Nefasto
beads-of-ruin,de,Unheilsjuwelen
beads-of-ruin,es,Abalorio Debacle
beads-of-ruin,ko,재앙의구슬
beads-of-ruin,zh-simp,灾祸之玉
beads-of-ruin,zh-trad,災禍之玉
beast-boost,jp-kana,ビーストブースト
beast-boost,jp-kanji,ビーストブースト
beast-boost,en,Beast Boost
beast-boost,fr,Boost Chimère
beast-boost,it,Ultraboost
beast-boost,de,Bestien-Boost
beast-boost,es,Ultraimpulso
beast-boost,ko,비스트부스트
beast-boost,zh-simp,异兽提升
beast-boost,zh-trad,異獸提升
berserk,jp-kana,ぎゃくじょう
berserk,jp-kanji,ぎゃくじょう
berserk,en,Berserk
berserk,fr,Folle Furie
berserk,it,Furore
berserk,de,Wutausbruch
berserk,es,Cólera
berserk,ko,발끈
berserk,zh-simp,怒火冲天
berserk,zh-trad,怒火沖天
big-pecks,jp-kana,はとむね
big-pecks,jp-kanji,はとむね
big-pecks,en,Big Pecks
big-pecks,fr,Cœur de Coq
big-pecks,it,Pettinfuori
big-pecks,de,Brustbieter
big-pecks,es,Sacapecho
big-pecks,ko,부풀린가슴
big-pecks,zh-simp,健壮胸肌
big-pecks,zh-trad,健壯胸肌
blaze,jp-kana,もうか
blaze,jp-kanji,もうか
blaze,en,Blaze
blaze,fr,Brasier
blaze,it,Aiutofuoco
blaze,de,Großbrand
blaze,es,Mar Llamas
blaze,ko,맹화
blaze,zh-simp,猛火
blaze,zh-trad,猛火
bulletproof,jp-kana,ぼうだん
bulletproof,jp-kanji,ぼうだん
bulletproof,en,Bulletproof
bulletproof,fr,Pare-Balles
bulletproof,it,Antiproiettile
bulletproof,de,Kugelsicher
bulletproof,es,Antibalas
bulletproof,ko,방탄
bulletproof,zh-simp,防弹
bulletproof,zh-trad,防彈
cacophony,jp-kana,そうおん
cacophony,en,CACOPHONY
cacophony,fr,CACOPHONIE
cacophony,it,CACOFONIA
cacophony,de,KAKOPHONY
cacophony,es,CACOFONÍA
cheek-pouch,jp-kana,ほおぶくろ
cheek-pouch,jp-kanji,ほおぶくろ
cheek-pouch,en,Cheek Pouch
cheek-pouch,fr,Bajoues
cheek-pouch,it,Guancegonfie
cheek-pouch,de,Backentaschen
cheek-pouch,es,Carrillo
cheek-pouch,ko,볼주머니
cheek-pouch,zh-simp,颊囊
cheek-pouch,zh-trad,頰囊
chilling-neigh,jp-kana,しろのいななき
chilling-neigh,jp-kanji,しろのいななき
chilling-neigh,en,Chilling Neigh
chilling-neigh,fr,Blanche Ruade
chilling-neigh,it,Nitrito Bianco
chilling-neigh,de,Helles Wiehern
chilling-neigh,es,Relincho Blanco
chilling-neigh,ko,백의울음
chilling-neigh,zh-simp,苍白嘶鸣
chilling-neigh,zh-trad,蒼白嘶鳴
chlorophyll,jp-kana,ようりょくそ
chlorophyll,jp-kanji,ようりょくそ
chlorophyll,en,Chlorophyll
chlorophyll,fr,Chlorophylle
chlorophyll,it,Clorofilla
chlorophyll,de,Chlorophyll
chlorophyll,es,Clorofila
chlorophyll,ko,엽록소
chlorophyll,zh-simp,叶绿素
chlorophyll,zh-trad,葉綠素
clear-body,jp-kana,クリアボディ
clear-body,jp-kanji,クリアボディ
clear-body,en,Clear Body
clear-body,fr,Corps Sain
clear-body,it,Corpochiaro
clear-body,de,Neutraltorso
clear-body,es,Cuerpo Puro
clear-body,ko,클리어바디
clear-body,zh-simp,恒净之躯
clear-body,zh-trad,恆淨之軀
cloud-nine,jp-kana,ノーてんき
cloud-nine,jp-kanji,ノーてんき
cloud-nine,en,Cloud Nine
cloud-nine,fr,Ciel Gris
cloud-nine,it,Antimeteo
cloud-nine,de,Wolke Sieben
cloud-nine,es,Aclimatación
cloud-nine,ko,날씨부정
cloud-nine,zh-simp,无关天气
cloud-nine,zh-trad,無關天氣
color-change,jp-kana,へんしょく
color-change,jp-kanji,へんしょく
color-change,en,Color Change
color-change,fr,Homochromie
color-change,it,Cambiacolore
color-change,de,Farbwechsel
color-change,es,Cambio Color
color-change,ko,변색
color-change,zh-simp,变色
color-change,zh-trad,變色
comatose,jp-kana,ぜったいねむり
comatose,jp-kanji,ぜったいねむり
comatose,en,Comatose
comatose,fr,Hypersommeil
comatose,it,Sonno Assoluto
comatose,de,Dauerschlaf
comatose,es,Letargo Perenne
comatose,ko,절대안깸
comatose,zh-simp,绝对睡眠
comatose,zh-trad,絕對睡眠
commander,jp-kana,しれいとう
commander,jp-kanji,しれいとう
commander,en,Commander
commander,fr,Commandant
commander,it,Torre di Comando
commander,de,Kommandant
commander,es,Comandar
commander,ko,사령탑
commander,zh-simp,发号施令
commander,zh-trad,發號施令
competitive,jp-kana,かちき
competitive,jp-kanji,かちき
competitive,en,Competitive
competitive,fr,Battant
competitive,it,Tenacia
competitive,de,Unbeugsamkeit
competitive,es,Tenacidad
competitive,ko,승기
competitive,zh-simp,好胜
competitive,zh-trad,好勝
compound-eyes,jp-kana,ふくがん
compound-eyes,jp-kanji,ふくがん
compound-eyes,en,Compound Eyes
compound-eyes,fr,Œil Composé
compound-eyes,it,Insettocchi
compound-eyes,de,Facettenauge
compound-eyes,es,Ojo Compuesto
compound-eyes,ko,복안
compound-eyes,zh-simp,复眼
compound-eyes,zh-trad,複眼
contrary,jp-kana,あまのじゃく
contrary,jp-kanji,あまのじゃく
contrary,en,Contrary
contrary,fr,Contestation
contrary,it,Inversione
contrary,de,Umkehrung
contrary,es,Respondón
contrary,ko,심술꾸러기
contrary,zh-simp,唱反调
contrary,zh-trad,唱反調
corrosion,jp-kana,ふしょく
corrosion,jp-kanji,ふしょく
corrosion,en,Corrosion
corrosion,fr,Corrosion
corrosion,it,Corrosione
corrosion,de,Korrosion
corrosion,es,Corrosión
corrosion,ko,부식
corrosion,zh-simp,腐蚀
corrosion,zh-trad,腐蝕
costar,jp-kana,きょうえん
costar,jp-kanji,きょうえん
costar,en,Costar
costar,fr,Collab
costar,it,Coprotagonismo
costar,de,Synchronauftritt
costar,es,Unísono
costar,ko,협연
costar,zh-simp,同台共演
costar,zh-trad,同台共演
cotton-down,jp-kana,わたげ
cotton-down,jp-kanji,わたげ
cotton-down,en,Cotton Down
cotton-down,fr,Effilochage
cotton-down,it,Lanugine
cotton-down,de,Wollflaum
cotton-down,es,Pelusa
cotton-down,ko,솜털
cotton-down,zh-simp,棉絮
cotton-down,zh-trad,棉絮
cud-chew,jp-kana,はんすう
cud-chew,jp-kanji,はんすう
cud-chew,en,Cud Chew
cud-chew,fr,Ruminant
cud-chew,it,Ruminante
cud-chew,de,Wiederkäuer
cud-chew,es,Rumia
cud-chew,ko,되새김질
cud-chew,zh-simp,反刍
cud-chew,zh-trad,反芻
curious-medicine,jp-kana,きみょうなくすり
curious-medicine,jp-kanji,きみょうなくすり
curious-medicine,en,Curious Medicine
curious-medicine,fr,Breuvage Suspect
curious-medicine,it,Stranofarmaco
curious-medicine,de,Kuriose Arznei
curious-medicine,es,Medicina Extraña
curious-medicine,ko,기묘한약
curious-medicine,zh-simp,怪药
curious-medicine,zh-trad,怪藥
cursed-body,jp-kana,のろわれボディ
cursed-body,jp-kanji,のろわれボディ
cursed-body,en,Cursed Body
cursed-body,fr,Corps Maudit
cursed-body,it,Corpofunesto
cursed-body,de,Tastfluch
cursed-body,es,Cuerpo Maldito
cursed-body,ko,저주받은바디
cursed-body,zh-simp,咒术之躯
cursed-body,zh-trad,詛咒之軀
cute-charm,jp-kana,メロメロボディ
cute-charm,jp-kanji,メロメロボディ
cute-charm,en,Cute Charm
cute-charm,fr,Joli Sourire
cute-charm,it,Incantevole
cute-charm,de,Charmebolzen
cute-charm,es,Gran Encanto
cute-charm,ko,헤롱헤롱바디
cute-charm,zh-simp,迷人之躯
cute-charm,zh-trad,迷人之軀
damp,jp-kana,しめりけ
damp,jp-kanji,しめりけ
damp,en,Damp
damp,fr,Moiteur
damp,it,Umidità
damp,de,Feuchtigkeit
damp,es,Humedad
damp,ko,습기
damp,zh-simp,湿气
damp,zh-trad,濕氣
dancer,jp-kana,おどりこ
dancer,jp-kanji,おどりこ
dancer,en,Dancer
dancer,fr,Danseuse
dancer,it,Sincrodanza
dancer,de,Tänzer
dancer,es,Pareja de Baile
dancer,ko,무희
dancer,zh-simp,舞者
dancer,zh-trad,舞者
dark-aura,jp-kana,ダークオーラ
dark-aura,jp-kanji,ダークオーラ
dark-aura,en,Dark Aura
dark-aura,fr,Aura Ténébreuse
dark-aura,it,Auratetra
dark-aura,de,Dunkelaura
dark-aura,es,Aura Oscura
dark-aura,ko,다크오라
dark-aura,zh-simp,暗黑气场
dark-aura,zh-trad,暗黑氣場
dauntless-shield,jp-kana,ふくつのたて
dauntless-shield,jp-kanji,ふくつのたて
dauntless-shield,en,Dauntless Shield
dauntless-shield,fr,Égide Inflexible
dauntless-shield,it,Scudo Saldo
dauntless-shield,de,Wackerer Schild
dauntless-shield,es,Escudo Recio
dauntless-shield,ko,불굴의방패
dauntless-shield,zh-simp,不屈之盾
dauntless-shield,zh-trad,不屈之盾
dazzling,jp-kana,ビビッドボディ
dazzling,jp-kanji,ビビッドボディ
dazzling,en,Dazzling
dazzling,fr,Corps Coloré
dazzling,it,Corposgargiante
dazzling,de,Buntkörper
dazzling,es,Cuerpo Vívido
dazzling,ko,비비드바디
dazzling,zh-simp,鲜艳之躯
dazzling,zh-trad,鮮艷之軀
defeatist,jp-kana,よわき
defeatist,jp-kanji,よわき
defeatist,en,Defeatist
defeatist,fr,Défaitiste
defeatist,it,Sconforto
defeatist,de,Schwächling
defeatist,es,Flaqueza
defeatist,ko,무기력
defeatist,zh-simp,软弱
defeatist,zh-trad,軟弱
defiant,jp-kana,まけんき
defiant,jp-kanji,まけんき
defiant,en,Defiant
defiant,fr,Acharné
defiant,it,Agonismo
defiant,de,Siegeswille
defiant,es,Competitivo
defiant,ko,오기
defiant,zh-simp,不服输
defiant,zh-trad,不服輸
delta-stream,jp-kana,デルタストリーム
delta-stream,jp-kanji,デルタストリーム
delta-stream,en,Delta Stream
delta-stream,fr,Souffle Delta
delta-stream,it,Flusso Delta
delta-stream,de,Delta-Wind
delta-stream,es,Ráfaga Delta
delta-stream,ko,델타스트림
delta-stream,zh-simp,德尔塔气流
delta-stream,zh-trad,德爾塔氣流
desolate-land,jp-kana,おわりのだいち
desolate-land,jp-kanji,おわりのだいち
desolate-land,en,Desolate Land
desolate-land,fr,Terre Finale
desolate-land,it,Terra Estrema
desolate-land,de,Endland
desolate-land,es,Tierra del Ocaso
desolate-land,ko,끝의대지
desolate-land,zh-simp,终结之地
desolate-land,zh-trad,終結之地
disguise,jp-kana,ばけのかわ
disguise,jp-kanji,ばけのかわ
disguise,en,Disguise
disguise,fr,Fantômasque
disguise,it,Fantasmanto
disguise,de,Kostümspuk
disguise,es,Disfraz
disguise,ko,탈
disguise,zh-simp,画皮
disguise,zh-trad,畫皮
download,jp-kana,ダウンロード
download,jp-kanji,ダウンロード
download,en,Download
download,fr,Télécharge
download,it,Download
download,de,Download
download,es,Descarga
download,ko,다운로드
download,zh-simp,下载
download,zh-trad,下載
dragons-maw,jp-kana,りゅうのあぎと
dragons-maw,jp-kanji,りゅうのあぎと
dragons-maw,en,Dragon’s Maw
dragons-maw,fr,Dent de Dragon
dragons-maw,it,Dragomascelle
dragons-maw,de,Drachenkiefer
dragons-maw,es,Mandíbula Dragón
dragons-maw,ko,용의턱
dragons-maw,zh-simp,龙颚
dragons-maw,zh-trad,龍顎
drizzle,jp-kana,あめふらし
drizzle,jp-kanji,あめふらし
drizzle,en,Drizzle
drizzle,fr,Crachin
drizzle,it,Piovischio
drizzle,de,Niesel
drizzle,es,Llovizna
drizzle,ko,잔비
drizzle,zh-simp,降雨
drizzle,zh-trad,降雨
drought,jp-kana,ひでり
drought,jp-kanji,ひでり
drought,en,Drought
drought,fr,Sécheresse
drought,it,Siccità
drought,de,Dürre
drought,es,Sequía
drought,ko,가뭄
drought,zh-simp,日照
drought,zh-trad,日照
dry-skin,jp-kana,かんそうはだ
dry-skin,jp-kanji,かんそうはだ
dry-skin,en,Dry Skin
dry-skin,fr,Peau Sèche
dry-skin,it,Pellearsa
dry-skin,de,Trockenheit
dry-skin,es,Piel Seca
dry-skin,ko,건조피부
dry-skin,zh-simp,干燥皮肤
dry-skin,zh-trad,乾燥皮膚
early-bird,jp-kana,はやおき
early-bird,jp-kanji,はやおき
early-bird,en,Early Bird
early-bird,fr,Matinal
early-bird,it,Sveglialampo
early-bird,de,Frühwecker
early-bird,es,Madrugar
early-bird,ko,일찍기상
early-bird,zh-simp,早起
early-bird,zh-trad,早起
earth-eater,jp-kana,どしょく
earth-eater,jp-kanji,どしょく
earth-eater,en,Earth Eater
earth-eater,fr,Absorbe-Terre
earth-eater,it,Mangiaterra
earth-eater,de,Bodenschmaus
earth-eater,es,Geofagia
earth-eater,ko,흙먹기
earth-eater,zh-simp,食土
earth-eater,zh-trad,食土
effect-spore,jp-kana,ほうし
effect-spore,jp-kanji,ほうし
effect-spore,en,Effect Spore
effect-spore,fr,Pose Spore
effect-spore,it,Spargispora
effect-spore,de,Sporenwirt
effect-spore,es,Efecto Espora
effect-spore,ko,포자
effect-spore,zh-simp,孢子
effect-spore,zh-trad,孢子
electric-surge,jp-kana,エレキメイカー
electric-surge,jp-kanji,エレキメイカー
electric-surge,en,Electric Surge
electric-surge,fr,Créa-Élec
electric-surge,it,Elettrogenesi
electric-surge,de,Elektro-Erzeuger
electric-surge,es,Electrogénesis
electric-surge,ko,일렉트릭메이커
electric-surge,zh-simp,电气制造者
electric-surge,zh-trad,電氣製造者
electromorphosis,jp-kana,でんきにかえる
electromorphosis,jp-kanji,でんきにかえる
electromorphosis,en,Electromorphosis
electromorphosis,fr,Grecharge
electromorphosis,it,Convertivolt
electromorphosis,de,Dynamo
electromorphosis,es,Dinamo
electromorphosis,ko,전기로바꾸기
electromorphosis,zh-simp,电力转换
electromorphosis,zh-trad,電力轉換
embody-aspect--cornerstone-mask,jp-kana,おもかげやどし
embody-aspect--cornerstone-mask,jp-kanji,おもかげやどし
embody-aspect--cornerstone-mask,en,Embody Aspect
embody-aspect--cornerstone-mask,fr,Force Mémorielle
embody-aspect--cornerstone-mask,it,Albergamemorie
embody-aspect--cornerstone-mask,de,Erinnerungskraft
embody-aspect--cornerstone-mask,es,Evocarrecuerdos
embody-aspect--cornerstone-mask,ko,초상투영
embody-aspect--cornerstone-mask,zh-simp,面影辉映
embody-aspect--cornerstone-mask,zh-trad,面影輝映
embody-aspect--hearthflame-mask,jp-kana,おもかげやどし
embody-aspect--hearthflame-mask,jp-kanji,おもかげやどし
embody-aspect--hearthflame-mask,en,Embody Aspect
embody-aspect--hearthflame-mask,fr,Force Mémorielle
embody-aspect--hearthflame-mask,it,Albergamemorie
embody-aspect--hearthflame-mask,de,Erinnerungskraft
embody-aspect--hearthflame-mask,es,Evocarrecuerdos
embody-aspect--hearthflame-mask,ko,초상투영
embody-aspect--hearthflame-mask,zh-simp,面影辉映
embody-aspect--hearthflame-mask,zh-trad,面影輝映
embody-aspect--teal-mask,jp-kana,おもかげやどし
embody-aspect--teal-mask,jp-kanji,おもかげやどし
embody-aspect--teal-mask,en,Embody Aspect
embody-aspect--teal-mask,fr,Force Mémorielle
embody-aspect--teal-mask,it,Albergamemorie
embody-aspect--teal-mask,de,Erinnerungskraft
embody-aspect--teal-mask,es,Evocarrecuerdos
embody-aspect--teal-mask,ko,초상투영
embody-aspect--teal-mask,zh-simp,面影辉映
embody-aspect--teal-mask,zh-trad,面影輝映
embody-aspect--wellspring-mask,jp-kana,おもかげやどし
embody-aspect--wellspring-mask,jp-kanji,おもかげやどし
embody-aspect--wellspring-mask,en,Embody Aspect
embody-aspect--wellspring-mask,fr,Force Mémorielle
embody-aspect--wellspring-mask,it,Albergamemorie
embody-aspect--wellspring-mask,de,Erinnerungskraft
embody-aspect--wellspring-mask,es,Evocarrecuerdos
embody-aspect--wellspring-mask,ko,초상투영
embody-aspect--wellspring-mask,zh-simp,面影辉映
embody-aspect--wellspring-mask,zh-trad,面影輝映
emergency-exit,jp-kana,ききかいひ
emergency-exit,jp-kanji,ききかいひ
emergency-exit,en,Emergency Exit
emergency-exit,fr,Repli Tactique
emergency-exit,it,Passoindietro
emergency-exit,de,Rückzug
emergency-exit,es,Retirada
emergency-exit,ko,위기회피
emergency-exit,zh-simp,危险回避
emergency-exit,zh-trad,危險迴避
fairy-aura,jp-kana,フェアリーオーラ
fairy-aura,jp-kanji,フェアリーオーラ
fairy-aura,en,Fairy Aura
fairy-aura,fr,Aura Féérique
fairy-aura,it,Aurafolletto
fairy-aura,de,Feenaura
fairy-aura,es,Aura Feérica
fairy-aura,ko,페어리오라
fairy-aura,zh-simp,妖精气场
fairy-aura,zh-trad,妖精氣場
filter,jp-kana,フィルター
filter,jp-kanji,フィルター
filter,en,Filter
filter,fr,Filtre
filter,it,Filtro
filter,de,Filter
filter,es,Filtro
filter,ko,필터
filter,zh-simp,过滤
filter,zh-trad,過濾
flame-body,jp-kana,ほのおのからだ
flame-body,jp-kanji,ほのおのからだ
flame-body,en,Flame Body
flame-body,fr,Corps Ardent
flame-body,it,Corpodifuoco
flame-body,de,Flammkörper
flame-body,es,Cuerpo Llama
flame-body,ko,불꽃몸
flame-body,zh-simp,火焰之躯
flame-body,zh-trad,火焰之軀
flare-boost,jp-kana,ねつぼうそう
flare-boost,jp-kanji,ねつぼうそう
flare-boost,en,Flare Boost
flare-boost,fr,Rage Brûlure
flare-boost,it,Bruciaimpeto
flare-boost,de,Hitzewahn
flare-boost,es,Ímpetu Ardiente
flare-boost,ko,열폭주
flare-boost,zh-simp,受热激升
flare-boost,zh-trad,受熱激升
flash-fire,jp-kana,もらいび
flash-fire,jp-kanji,もらいび
flash-fire,en,Flash Fire
flash-fire,fr,Torche
flash-fire,it,Fuocardore
flash-fire,de,Feuerfänger
flash-fire,es,Absorbe Fuego
flash-fire,ko,타오르는불꽃
flash-fire,zh-simp,引火
flash-fire,zh-trad,引火
flower-gift,jp-kana,フラワーギフト
flower-gift,jp-kanji,フラワーギフト
flower-gift,en,Flower Gift
flower-gift,fr,Don Floral
flower-gift,it,Regalfiore
flower-gift,de,Pflanzengabe
flower-gift,es,Don Floral
flower-gift,ko,플라워기프트
flower-gift,zh-simp,花之礼
flower-gift,zh-trad,花之禮
flower-veil,jp-kana,フラワーベール
flower-veil,jp-kanji,フラワーベール
flower-veil,en,Flower Veil
flower-veil,fr,Flora-Voile
flower-veil,it,Fiorvelo
flower-veil,de,Blütenhülle
flower-veil,es,Velo Flor
flower-veil,ko,플라워베일
flower-veil,zh-simp,花幕
flower-veil,zh-trad,花幕
fluffy,jp-kana,もふもふ
fluffy,jp-kanji,もふもふ
fluffy,en,Fluffy
fluffy,fr,Boule de Poils
fluffy,it,Morbidone
fluffy,de,Flauschigkeit
fluffy,es,Peluche
fluffy,ko,복슬복슬
fluffy,zh-simp,毛茸茸
fluffy,zh-trad,毛茸茸
forecast,jp-kana,てんきや
forecast,jp-kanji,てんきや
forecast,en,Forecast
forecast,fr,Météo
forecast,it,Previsioni
forecast,de,Prognose
forecast,es,Predicción
forecast,ko,기분파
forecast,zh-simp,阴晴不定
forecast,zh-trad,陰晴不定
forewarn,jp-kana,よちむ
forewarn,jp-kanji,よちむ
forewarn,en,Forewarn
forewarn,fr,Prédiction
forewarn,it,Premonizione
forewarn,de,Vorwarnung
forewarn,es,Alerta
forewarn,ko,예지몽
forewarn,zh-simp,预知梦
forewarn,zh-trad,預知夢
friend-guard,jp-kana,フレンドガード
friend-guard,jp-kanji,フレンドガード
friend-guard,en,Friend Guard
friend-guard,fr,Garde-Ami
friend-guard,it,Amicoscudo
friend-guard,de,Freundeshut
friend-guard,es,Compiescolta
friend-guard,ko,프렌드가드
friend-guard,zh-simp,友情防守
friend-guard,zh-trad,友情防守
frisk,jp-kana,おみとおし
frisk,jp-kanji,おみとおし
frisk,en,Frisk
frisk,fr,Fouille
frisk,it,Indagine
frisk,de,Schnüffler
frisk,es,Cacheo
frisk,ko,통찰
frisk,zh-simp,察觉
frisk,zh-trad,察覺
full-metal-body,jp-kana,メタルプロテクト
full-metal-body,jp-kanji,メタルプロテクト
full-metal-body,en,Full Metal Body
full-metal-body,fr,Métallo-Garde
full-metal-body,it,Metalprotezione
full-metal-body,de,Metallprotektor
full-metal-body,es,Guardia Metálica
full-metal-body,ko,메탈프로텍트
full-metal-body,zh-simp,金属防护
full-metal-body,zh-trad,金屬防護
fur-coat,jp-kana,ファーコート
fur-coat,jp-kanji,ファーコート
fur-coat,en,Fur Coat
fur-coat,fr,Toison Épaisse
fur-coat,it,Foltopelo
fur-coat,de,Fellkleid
fur-coat,es,Pelaje Recio
fur-coat,ko,퍼코트
fur-coat,zh-simp,毛皮大衣
fur-coat,zh-trad,毛皮大衣
gale-wings,jp-kana,はやてのつばさ
gale-wings,jp-kanji,はやてのつばさ
gale-wings,en,Gale Wings
gale-wings,fr,Ailes Bourrasque
gale-wings,it,Aliraffica
gale-wings,de,Orkanschwingen
gale-wings,es,Alas Vendaval
gale-wings,ko,질풍날개
gale-wings,zh-simp,疾风之翼
gale-wings,zh-trad,疾風之翼
galvanize,jp-kana,エレキスキン
galvanize,jp-kanji,エレキスキン
galvanize,en,Galvanize
galvanize,fr,Peau Électrique
galvanize,it,Pellelettro
galvanize,de,Elektrohaut
galvanize,es,Piel Eléctrica
galvanize,ko,일렉트릭스킨
galvanize,zh-simp,电气皮肤
galvanize,zh-trad,電氣皮膚
gluttony,jp-kana,くいしんぼう
gluttony,jp-kanji,くいしんぼう
gluttony,en,Gluttony
gluttony,fr,Gloutonnerie
gluttony,it,Voracità
gluttony,de,Völlerei
gluttony,es,Gula
gluttony,ko,먹보
gluttony,zh-simp,贪吃鬼
gluttony,zh-trad,貪吃鬼
good-as-gold,jp-kana,おうごんのからだ
good-as-gold,jp-kanji,おうごんのからだ
good-as-gold,en,Good as Gold
good-as-gold,fr,Corps en Or
good-as-gold,it,Corpo Aureo
good-as-gold,de,Goldkörper
good-as-gold,es,Cuerpo Áureo
good-as-gold,ko,황금몸
good-as-gold,zh-simp,黄金之躯
good-as-gold,zh-trad,黃金之軀
gooey,jp-kana,ぬめぬめ
gooey,jp-kanji,ぬめぬめ
gooey,en,Gooey
gooey,fr,Poisseux
gooey,it,Viscosità
gooey,de,Viskosität
gooey,es,Baba
gooey,ko,미끈미끈
gooey,zh-simp,黏滑
gooey,zh-trad,黏滑
gorilla-tactics,jp-kana,ごりむちゅう
gorilla-tactics,jp-kanji,ごりむちゅう
gorilla-tactics,en,Gorilla Tactics
gorilla-tactics,fr,Entêtement
gorilla-tactics,it,Vigorilla
gorilla-tactics,de,Affenfokus
gorilla-tactics,es,Monotema
gorilla-tactics,ko,무아지경
gorilla-tactics,zh-simp,一猩一意
gorilla-tactics,zh-trad,一猩一意
grass-pelt,jp-kana,くさのけがわ
grass-pelt,jp-kanji,くさのけがわ
grass-pelt,en,Grass Pelt
grass-pelt,fr,Toison Herbue
grass-pelt,it,Peloderba
grass-pelt,de,Pflanzenpelz
grass-pelt,es,Manto Frondoso
grass-pelt,ko,풀모피
grass-pelt,zh-simp,草之毛皮
grass-pelt,zh-trad,草之毛皮
grassy-surge,jp-kana,グラスメイカー
grassy-surge,jp-kanji,グラスメイカー
grassy-surge,en,Grassy Surge
grassy-surge,fr,Créa-Herbe
grassy-surge,it,Erbogenesi
grassy-surge,de,Gras-Erzeuger
grassy-surge,es,Herbogénesis
grassy-surge,ko,그래스메이커
grassy-surge,zh-simp,青草制造者
grassy-surge,zh-trad,青草製造者
grim-neigh,jp-kana,くろのいななき
grim-neigh,jp-kanji,くろのいななき
grim-neigh,en,Grim Neigh
grim-neigh,fr,Sombre Ruade
grim-neigh,it,Nitrito Nero
grim-neigh,de,Dunkles Wiehern
grim-neigh,es,Relincho Negro
grim-neigh,ko,흑의울음
grim-neigh,zh-simp,漆黑嘶鸣
grim-neigh,zh-trad,漆黑嘶鳴
guard-dog,jp-kana,ばんけん
guard-dog,jp-kanji,ばんけん
guard-dog,en,Guard Dog
guard-dog,fr,Chien de Garde
guard-dog,it,Cane da Guardia
guard-dog,de,Wachhund
guard-dog,es,Perro Guardián
guard-dog,ko,파수견
guard-dog,zh-simp,看门犬
guard-dog,zh-trad,看門犬
gulp-missile,jp-kana,うのミサイル
gulp-missile,jp-kanji,うのミサイル
gulp-missile,en,Gulp Missile
gulp-missile,fr,Dégobage
gulp-missile,it,Inghiottimissile
gulp-missile,de,Würggeschoss
gulp-missile,es,Tragamisil
gulp-missile,ko,그대로꿀꺽미사일
gulp-missile,zh-simp,一口导弹
gulp-missile,zh-trad,一口飛彈
guts,jp-kana,こんじょう
guts,jp-kanji,こんじょう
guts,en,Guts
guts,fr,Cran
guts,it,Dentistretti
guts,de,Adrenalin
guts,es,Agallas
guts,ko,근성
guts,zh-simp,毅力
guts,zh-trad,毅力
hadron-engine,jp-kana,ハドロンエンジン
hadron-engine,jp-kanji,ハドロンエンジン
hadron-engine,en,Hadron Engine
hadron-engine,fr,Moteur à Hadrons
hadron-engine,it,Motore Adronico
hadron-engine,de,Hadronen-Motor
hadron-engine,es,Motor Hadrónico
hadron-engine,ko,하드론엔진
hadron-engine,zh-simp,强子引擎
hadron-engine,zh-trad,強子引擎
harvest,jp-kana,しゅうかく
harvest,jp-kanji,しゅうかく
harvest,en,Harvest
harvest,fr,Récolte
harvest,it,Coglibacche
harvest,de,Reiche Ernte
harvest,es,Cosecha
harvest,ko,수확
harvest,zh-simp,收获
harvest,zh-trad,收穫
healer,jp-kana,いやしのこころ
healer,jp-kanji,いやしのこころ
healer,en,Healer
healer,fr,Cœur Soin
healer,it,Curacuore
healer,de,Heilherz
healer,es,Alma Cura
healer,ko,치유의마음
healer,zh-simp,治愈之心
healer,zh-trad,治癒之心
heatproof,jp-kana,たいねつ
heatproof,jp-kanji,たいねつ
heatproof,en,Heatproof
heatproof,fr,Ignifugé
heatproof,it,Antifuoco
heatproof,de,Hitzeschutz
heatproof,es,Ignífugo
heatproof,ko,내열
heatproof,zh-simp,耐热
heatproof,zh-trad,耐熱
heavy-metal,jp-kana,ヘヴィメタル
heavy-metal,jp-kanji,ヘヴィメタル
heavy-metal,en,Heavy Metal
heavy-metal,fr,Heavy Metal
heavy-metal,it,Metalpesante
heavy-metal,de,Schwermetall
heavy-metal,es,Metal Pesado
heavy-metal,ko,헤비메탈
heavy-metal,zh-simp,重金属
heavy-metal,zh-trad,重金屬
honey-gather,jp-kana,みつあつめ
honey-gather,jp-kanji,みつあつめ
honey-gather,en,Honey Gather
honey-gather,fr,Cherche Miel
honey-gather,it,Mielincetta
honey-gather,de,Honigmaul
honey-gather,es,Recogemiel
honey-gather,ko,꿀모으기
honey-gather,zh-simp,采蜜
honey-gather,zh-trad,採蜜
hospitality,jp-kana,おもてなし
hospitality,jp-kanji,おもてなし
hospitality,en,Hospitality
hospitality,fr,Aux Petits Soins
hospitality,it,Ospitalità
hospitality,de,Gastlichkeit
hospitality,es,Hospitalidad
hospitality,ko,대접
hospitality,zh-simp,款待
hospitality,zh-trad,款待
huge-power,jp-kana,ちからもち
huge-power,jp-kanji,ちからもち
huge-power,en,Huge Power
huge-power,fr,Coloforce
huge-power,it,Macroforza
huge-power,de,Kraftkoloss
huge-power,es,Potencia
huge-power,ko,천하장사
huge-power,zh-simp,大力士
huge-power,zh-trad,大力士
hunger-switch,jp-kana,はらぺこスイッチ
hunger-switch,jp-kanji,はらぺこスイッチ
hunger-switch,en,Hunger Switch
hunger-switch,fr,Déclic Fringale
hunger-switch,it,Pancialterna
hunger-switch,de,Heißhunger
hunger-switch,es,Mutapetito
hunger-switch,ko,꼬르륵스위치
hunger-switch,zh-simp,饱了又饿
hunger-switch,zh-trad,飽了又餓
hustle,jp-kana,はりきり
hustle,jp-kanji,はりきり
hustle,en,Hustle
hustle,fr,Agitation
hustle,it,Tuttafretta
hustle,de,Übereifer
hustle,es,Entusiasmo
hustle,ko,의욕
hustle,zh-simp,活力
hustle,zh-trad,活力
hydration,jp-kana,うるおいボディ
hydration,jp-kanji,うるおいボディ
hydration,en,Hydration
hydration,fr,Hydratation
hydration,it,Idratazione
hydration,de,Hydration
hydration,es,Hidratación
hydration,ko,촉촉바디
hydration,zh-simp,湿润之躯
hydration,zh-trad,濕潤之軀
hyper-cutter,jp-kana,かいりきバサミ
hyper-cutter,jp-kanji,かいりきバサミ
hyper-cutter,en,Hyper Cutter
hyper-cutter,fr,Hyper Cutter
hyper-cutter,it,Ipertaglio
hyper-cutter,de,Scherenmacht
hyper-cutter,es,Corte Fuerte
hyper-cutter,ko,괴력집게
hyper-cutter,zh-simp,怪力钳
hyper-cutter,zh-trad,怪力鉗
ice-body,jp-kana,アイスボディ
ice-body,jp-kanji,アイスボディ
ice-body,en,Ice Body
ice-body,fr,Corps Gel
ice-body,it,Corpogelo
ice-body,de,Eishaut
ice-body,es,Gélido
ice-body,ko,아이스바디
ice-body,zh-simp,冰冻之躯
ice-body,zh-trad,冰凍之軀
ice-face,jp-kana,アイスフェイス
ice-face,jp-kanji,アイスフェイス
ice-face,en,Ice Face
ice-face,fr,Tête de Gel
ice-face,it,Gelofaccia
ice-face,de,Tiefkühlkopf
ice-face,es,Cara de Hielo
ice-face,ko,아이스페이스
ice-face,zh-simp,结冻头
ice-face,zh-trad,結凍頭
ice-scales,jp-kana,こおりのりんぷん
ice-scales,jp-kanji,こおりのりんぷん
ice-scales,en,Ice Scales
ice-scales,fr,Écailles Glacées
ice-scales,it,Geloscaglie
ice-scales,de,Eisflügelstaub
ice-scales,es,Escama de Hielo
ice-scales,ko,얼음인분
ice-scales,zh-simp,冰鳞粉
ice-scales,zh-trad,冰鱗粉
illuminate,jp-kana,はっこう
illuminate,jp-kanji,はっこう
illuminate,en,Illuminate
illuminate,fr,Luminescence
illuminate,it,Risplendi
illuminate,de,Erleuchtung
illuminate,es,Iluminación
illuminate,ko,발광
illuminate,zh-simp,发光
illuminate,zh-trad,發光
illusion,jp-kana,イリュージョン
illusion,jp-kanji,イリュージョン
illusion,en,Illusion
illusion,fr,Illusion
illusion,it,Illusione
illusion,de,Trugbild
illusion,es,Ilusión
illusion,ko,일루전
illusion,zh-simp,幻觉
illusion,zh-trad,幻覺
immunity,jp-kana,めんえき
immunity,jp-kanji,めんえき
immunity,en,Immunity
immunity,fr,Vaccin
immunity,it,Immunità
immunity,de,Immunität
immunity,es,Inmunidad
immunity,ko,면역
immunity,zh-simp,免疫
immunity,zh-trad,免疫
imposter,jp-kana,かわりもの
imposter,jp-kanji,かわりもの
imposter,en,Imposter
imposter,fr,Imposteur
imposter,it,Sosia
imposter,de,Doppelgänger
imposter,es,Impostor
imposter,ko,괴짜
imposter,zh-simp,变身者
imposter,zh-trad,變身者
infiltrator,jp-kana,すりぬけ
infiltrator,jp-kanji,すりぬけ
infiltrator,en,Infiltrator
infiltrator,fr,Infiltration
infiltrator,it,Intrapasso
infiltrator,de,Schwebedurch
infiltrator,es,Allanamiento
infiltrator,ko,틈새포착
infiltrator,zh-simp,穿透
infiltrator,zh-trad,穿透
innards-out,jp-kana,とびだすなかみ
innards-out,jp-kanji,とびだすなかみ
innards-out,en,Innards Out
innards-out,fr,Expuls’Organes
innards-out,it,Espellinterno
innards-out,de,Magenkrempler
innards-out,es,Revés
innards-out,ko,내용물분출
innards-out,zh-simp,飞出的内在物
innards-out,zh-trad,飛出的內在物
inner-focus,jp-kana,せいしんりょく
inner-focus,jp-kanji,せいしんりょく
inner-focus,en,Inner Focus
inner-focus,fr,Attention
inner-focus,it,Forza Interiore
inner-focus,de,Konzentrator
inner-focus,es,Fuerza Mental
inner-focus,ko,정신력
inner-focus,zh-simp,精神力
inner-focus,zh-trad,精神力
insomnia,jp-kana,ふみん
insomnia,jp-kanji,ふみん
insomnia,en,Insomnia
insomnia,fr,Insomnia
insomnia,it,Insonnia
insomnia,de,Insomnia
insomnia,es,Insomnio
insomnia,ko,불면
insomnia,zh-simp,不眠
insomnia,zh-trad,不眠
intimidate,jp-kana,いかく
intimidate,jp-kanji,いかく
intimidate,en,Intimidate
intimidate,fr,Intimidation
intimidate,it,Prepotenza
intimidate,de,Bedroher
intimidate,es,Intimidación
intimidate,ko,위협
intimidate,zh-simp,威吓
intimidate,zh-trad,威嚇
intrepid-sword,jp-kana,ふとうのけん
intrepid-sword,jp-kanji,ふとうのけん
intrepid-sword,en,Intrepid Sword
intrepid-sword,fr,Lame Indomptable
intrepid-sword,it,Spada Indomita
intrepid-sword,de,Kühnes Schwert
intrepid-sword,es,Espada Indómita
intrepid-sword,ko,불요의검
intrepid-sword,zh-simp,不挠之剑
intrepid-sword,zh-trad,不撓之劍
iron-barbs,jp-kana,てつのトゲ
iron-barbs,jp-kanji,てつのトゲ
iron-barbs,en,Iron Barbs
iron-barbs,fr,Épine de Fer
iron-barbs,it,Spineferrate
iron-barbs,de,Eisenstachel
iron-barbs,es,Punta Acero
iron-barbs,ko,철가시
iron-barbs,zh-simp,铁刺
iron-barbs,zh-trad,鐵刺
iron-fist,jp-kana,てつのこぶし
iron-fist,jp-kanji,てつのこぶし
iron-fist,en,Iron Fist
iron-fist,fr,Poing de Fer
iron-fist,it,Ferropugno
iron-fist,de,Eisenfaust
iron-fist,es,Puño Férreo
iron-fist,ko,철주먹
iron-fist,zh-simp,铁拳
iron-fist,zh-trad,鐵拳
justified,jp-kana,せいぎのこころ
justified,jp-kanji,せいぎのこころ
justified,en,Justified
justified,fr,Cœur Noble
justified,it,Giustizia
justified,de,Redlichkeit
justified,es,Justiciero
justified,ko,정의의마음
justified,zh-simp,正义之心
justified,zh-trad,正義之心
keen-eye,jp-kana,するどいめ
keen-eye,jp-kanji,するどいめ
keen-eye,en,Keen Eye
keen-eye,fr,Regard Vif
keen-eye,it,Sguardofermo
keen-eye,de,Adlerauge
keen-eye,es,Vista Lince
keen-eye,ko,날카로운눈
keen-eye,zh-simp,锐利目光
keen-eye,zh-trad,銳利目光
klutz,jp-kana,ぶきよう
klutz,jp-kanji,ぶきよう
klutz,en,Klutz
klutz,fr,Maladresse
klutz,it,Impaccio
klutz,de,Tollpatsch
klutz,es,Zoquete
klutz,ko,서투름
klutz,zh-simp,笨拙
klutz,zh-trad,笨拙
leaf-guard,jp-kana,リーフガード
leaf-guard,jp-kanji,リーフガード
leaf-guard,en,Leaf Guard
leaf-guard,fr,Feuille Garde
leaf-guard,it,Fogliamanto
leaf-guard,de,Floraschild
leaf-guard,es,Defensa Hoja
leaf-guard,ko,리프가드
leaf-guard,zh-simp,叶子防守
leaf-guard,zh-trad,葉子防守
levitate,jp-kana,ふゆう
levitate,jp-kanji,ふゆう
levitate,en,Levitate
levitate,fr,Lévitation
levitate,it,Levitazione
levitate,de,Schwebe
levitate,es,Levitación
levitate,ko,부유
levitate,zh-simp,飘浮
levitate,zh-trad,飄浮
libero,jp-kana,リベロ
libero,jp-kanji,リベロ
libero,en,Libero
libero,fr,Libéro
libero,it,Libero
libero,de,Libero
libero,es,Líbero
libero,ko,리베로
libero,zh-simp,自由者
libero,zh-trad,自由者
light-metal,jp-kana,ライトメタル
light-metal,jp-kanji,ライトメタル
light-metal,en,Light Metal
light-metal,fr,Light Metal
light-metal,it,Metalleggero
light-metal,de,Leichtmetall
light-metal,es,Metal Liviano
light-metal,ko,라이트메탈
light-metal,zh-simp,轻金属
light-metal,zh-trad,輕金屬
lightning-rod,jp-kana,ひらいしん
lightning-rod,jp-kanji,ひらいしん
lightning-rod,en,Lightning Rod
lightning-rod,fr,Paratonnerre
lightning-rod,it,Parafulmine
lightning-rod,de,Blitzfänger
lightning-rod,es,Pararrayos
lightning-rod,ko,피뢰침
lightning-rod,zh-simp,避雷针
lightning-rod,zh-trad,避雷針
limber,jp-kana,じゅうなん
limber,jp-kanji,じゅうなん
limber,en,Limber
limber,fr,Échauffement
limber,it,Scioltezza
limber,de,Flexibilität
limber,es,Flexibilidad
limber,ko,유연
limber,zh-simp,柔软
limber,zh-trad,柔軟
lingering-aroma,jp-kana,とれないにおい
lingering-aroma,jp-kanji,とれないにおい
lingering-aroma,en,Lingering Aroma
lingering-aroma,fr,Odeur Tenace
lingering-aroma,it,Odore Tenace
lingering-aroma,de,Duftschwade
lingering-aroma,es,Olor Persistente
lingering-aroma,ko,가시지않는향기
lingering-aroma,zh-simp,甩不掉的气味
lingering-aroma,zh-trad,甩不掉的氣味
liquid-ooze,jp-kana,ヘドロえき
liquid-ooze,jp-kanji,ヘドロえき
liquid-ooze,en,Liquid Ooze
liquid-ooze,fr,Suintement
liquid-ooze,it,Melma
liquid-ooze,de,Kloakensoße
liquid-ooze,es,Viscosecreción
liquid-ooze,ko,해감액
liquid-ooze,zh-simp,污泥浆
liquid-ooze,zh-trad,污泥漿
liquid-voice,jp-kana,うるおいボイス
liquid-voice,jp-kanji,うるおいボイス
liquid-voice,en,Liquid Voice
liquid-voice,fr,Hydrata-Son
liquid-voice,it,Idrovoce
liquid-voice,de,Plätscherstimme
liquid-voice,es,Voz Fluida
liquid-voice,ko,촉촉보이스
liquid-voice,zh-simp,湿润之声
liquid-voice,zh-trad,濕潤之聲
long-reach,jp-kana,えんかく
long-reach,jp-kanji,えんかく
long-reach,en,Long Reach
long-reach,fr,Longue Portée
long-reach,it,Distacco
long-reach,de,Langstrecke
long-reach,es,Remoto
long-reach,ko,원격
long-reach,zh-simp,远隔
long-reach,zh-trad,遠隔
magic-bounce,jp-kana,マジックミラー
magic-bounce,jp-kanji,マジックミラー
magic-bounce,en,Magic Bounce
magic-bounce,fr,Miroir Magik
magic-bounce,it,Magispecchio
magic-bounce,de,Magiespiegel
magic-bounce,es,Espejo Mágico
magic-bounce,ko,매직미러
magic-bounce,zh-simp,魔法镜
magic-bounce,zh-trad,魔法鏡
magic-guard,jp-kana,マジックガード
magic-guard,jp-kanji,マジックガード
magic-guard,en,Magic Guard
magic-guard,fr,Garde Magik
magic-guard,it,Magicscudo
magic-guard,de,Magieschild
magic-guard,es,Muro Mágico
magic-guard,ko,매직가드
magic-guard,zh-simp,魔法防守
magic-guard,zh-trad,魔法防守
magician,jp-kana,マジシャン
magician,jp-kanji,マジシャン
magician,en,Magician
magician,fr,Magicien
magician,it,Prestigiatore
magician,de,Zauberer
magician,es,Prestidigitador
magician,ko,매지션
magician,zh-simp,魔术师
magician,zh-trad,魔術師
magma-armor,jp-kana,マグマのよろい
magma-armor,jp-kanji,マグマのよろい
magma-armor,en,Magma Armor
magma-armor,fr,Armumagma
magma-armor,it,Magmascudo
magma-armor,de,Magmapanzer
magma-armor,es,Escudo Magma
magma-armor,ko,마그마의무장
magma-armor,zh-simp,熔岩铠甲
magma-armor,zh-trad,熔岩鎧甲
magnet-pull,jp-kana,じりょく
magnet-pull,jp-kanji,じりょく
magnet-pull,en,Magnet Pull
magnet-pull,fr,Magnépiège
magnet-pull,it,Magnetismo
magnet-pull,de,Magnetfalle
magnet-pull,es,Imán
magnet-pull,ko,자력
magnet-pull,zh-simp,磁力
magnet-pull,zh-trad,磁力
marvel-scale,jp-kana,ふしぎなうろこ
marvel-scale,jp-kanji,ふしぎなうろこ
marvel-scale,en,Marvel Scale
marvel-scale,fr,Écaille Spéciale
marvel-scale,it,Pelledura
marvel-scale,de,Notschutz
marvel-scale,es,Escama Especial
marvel-scale,ko,이상한비늘
marvel-scale,zh-simp,神奇鳞片
marvel-scale,zh-trad,神奇鱗片
mega-launcher,jp-kana,メガランチャー
mega-launcher,jp-kanji,メガランチャー
mega-launcher,en,Mega Launcher
mega-launcher,fr,Méga Blaster
mega-launcher,it,Megalancio
mega-launcher,de,Megawumme
mega-launcher,es,Megadisparador
mega-launcher,ko,메가런처
mega-launcher,zh-simp,超级发射器
mega-launcher,zh-trad,超級發射器
merciless,jp-kana,ひとでなし
merciless,jp-kanji,ひとでなし
merciless,en,Merciless
merciless,fr,Cruauté
merciless,it,Spietatezza
merciless,de,Quälerei
merciless,es,Ensañamiento
merciless,ko,무도한행동
merciless,zh-simp,不仁不义
merciless,zh-trad,不仁不義
mimicry,jp-kana,ぎたい
mimicry,jp-kanji,ぎたい
mimicry,en,Mimicry
mimicry,fr,Mimétisme
mimicry,it,Mimetismo
mimicry,de,Mimese
mimicry,es,Mimetismo
mimicry,ko,의태
mimicry,zh-simp,拟态
mimicry,zh-trad,擬態
minds-eye,jp-kana,しんがん
minds-eye,jp-kanji,しんがん
minds-eye,en,Mind’s Eye
minds-eye,fr,Œil Révélateur
minds-eye,it,Occhio Interiore
minds-eye,de,Geistiges Auge
minds-eye,es,Ojo Mental
minds-eye,ko,심안
minds-eye,zh-simp,心眼
minds-eye,zh-trad,心眼
minus,jp-kana,マイナス
minus,jp-kanji,マイナス
minus,en,Minus
minus,fr,Moins
minus,it,Meno
minus,de,Minus
minus,es,Menos
minus,ko,마이너스
minus,zh-simp,负电
minus,zh-trad,負電
mirror-armor,jp-kana,ミラーアーマー
mirror-armor,jp-kanji,ミラーアーマー
mirror-armor,en,Mirror Armor
mirror-armor,fr,Armure Miroir
mirror-armor,it,Blindospecchio
mirror-armor,de,Spiegelrüstung
mirror-armor,es,Coraza Reflejo
mirror-armor,ko,미러아머
mirror-armor,zh-simp,镜甲
mirror-armor,zh-trad,鏡甲
misty-surge,jp-kana,ミストメイカー
misty-surge,jp-kanji,ミストメイカー
misty-surge,en,Misty Surge
misty-surge,fr,Créa-Brume
misty-surge,it,Nebbiogenesi
misty-surge,de,Nebel-Erzeuger
misty-surge,es,Nebulogénesis
misty-surge,ko,미스트메이커
misty-surge,zh-simp,薄雾制造者
misty-surge,zh-trad,薄霧製造者
mold-breaker,jp-kana,かたやぶり
mold-breaker,jp-kanji,かたやぶり
mold-breaker,en,Mold Breaker
mold-breaker,fr,Brise Moule
mold-breaker,it,Rompiforma
mold-breaker,de,Überbrückung
mold-breaker,es,Rompemoldes
mold-breaker,ko,틀깨기
mold-breaker,zh-simp,破格
mold-breaker,zh-trad,破格
moody,jp-kana,ムラっけ
moody,jp-kanji,ムラっけ
moody,en,Moody
moody,fr,Lunatique
moody,it,Altalena
moody,de,Gefühlswippe
moody,es,Veleta
moody,ko,변덕쟁이
moody,zh-simp,心情不定
moody,zh-trad,心情不定
motor-drive,jp-kana,でんきエンジン
motor-drive,jp-kanji,でんきエンジン
motor-drive,en,Motor Drive
motor-drive,fr,Motorisé
motor-drive,it,Elettrorapid
motor-drive,de,Starthilfe
motor-drive,es,Electromotor
motor-drive,ko,전기엔진
motor-drive,zh-simp,电气引擎
motor-drive,zh-trad,電氣引擎
moxie,jp-kana,じしんかじょう
moxie,jp-kanji,じしんかじょう
moxie,en,Moxie
moxie,fr,Impudence
moxie,it,Arroganza
moxie,de,Hochmut
moxie,es,Autoestima
moxie,ko,자기과신
moxie,zh-simp,自信过度
moxie,zh-trad,自信過度
multiscale,jp-kana,マルチスケイル
multiscale,jp-kanji,マルチスケイル
multiscale,en,Multiscale
multiscale,fr,Multiécaille
multiscale,it,Multisquame
multiscale,de,Multischuppe
multiscale,es,Multiescamas
multiscale,ko,멀티스케일
multiscale,zh-simp,多重鳞片
multiscale,zh-trad,多重鱗片
multitype,jp-kana,マルチタイプ
multitype,jp-kanji,マルチタイプ
multitype,en,Multitype
multitype,fr,Multi-Type
multitype,it,Multitipo
multitype,de,Variabilität
multitype,es,Multitipo
multitype,ko,멀티타입
multitype,zh-simp,多属性
multitype,zh-trad,多屬性
mummy,jp-kana,ミイラ
mummy,jp-kanji,ミイラ
mummy,en,Mummy
mummy,fr,Momie
mummy,it,Mummia
mummy,de,Mumie
mummy,es,Momia
mummy,ko,미라
mummy,zh-simp,木乃伊
mummy,zh-trad,木乃伊
mycelium-might,jp-kana,きんしのちから
mycelium-might,jp-kanji,きんしのちから
mycelium-might,en,Mycelium Might
mycelium-might,fr,Force Fongique
mycelium-might,it,Micoforza
mycelium-might,de,Myzelienkraft
mycelium-might,es,Poder Fúngico
mycelium-might,ko,균사의힘
mycelium-might,zh-simp,菌丝之力
mycelium-might,zh-trad,菌絲之力
natural-cure,jp-kana,しぜんかいふく
natural-cure,jp-kanji,しぜんかいふく
natural-cure,en,Natural Cure
natural-cure,fr,Médic Nature
natural-cure,it,Alternacura
natural-cure,de,Innere Kraft
natural-cure,es,Cura Natural
natural-cure,ko,자연회복
natural-cure,zh-simp,自然回复
natural-cure,zh-trad,自然回復
neuroforce,jp-kana,ブレインフォース
neuroforce,jp-kanji,ブレインフォース
neuroforce,en,Neuroforce
neuroforce,fr,Cérébro-Force
neuroforce,it,Cerebroforza
neuroforce,de,Zerebralmacht
neuroforce,es,Fuerza Cerebral
neuroforce,ko,브레인포스
neuroforce,zh-simp,脑核之力
neuroforce,zh-trad,腦核之力
neutralizing-gas,jp-kana,かがくへんかガス
neutralizing-gas,jp-kanji,かがくへんかガス
neutralizing-gas,en,Neutralizing Gas
neutralizing-gas,fr,Gaz Inhibiteur
neutralizing-gas,it,Gas Reagente
neutralizing-gas,de,Reaktionsgas
neutralizing-gas,es,Gas Reactivo
neutralizing-gas,ko,화학변화가스
neutralizing-gas,zh-simp,化学变化气体
neutralizing-gas,zh-trad,化學變化氣體
no-guard,jp-kana,ノーガード
no-guard,jp-kanji,ノーガード
no-guard,en,No Guard
no-guard,fr,Annule Garde
no-guard,it,Nullodifesa
no-guard,de,Schildlos
no-guard,es,Indefenso
no-guard,ko,노가드
no-guard,zh-simp,无防守
no-guard,zh-trad,無防守
normalize,jp-kana,ノーマルスキン
normalize,jp-kanji,ノーマルスキン
normalize,en,Normalize
normalize,fr,Normalise
normalize,it,Normalità
normalize,de,Regulierung
normalize,es,Normalidad
normalize,ko,노말스킨
normalize,zh-simp,一般皮肤
normalize,zh-trad,一般皮膚
oblivious,jp-kana,どんかん
oblivious,jp-kanji,どんかん
oblivious,en,Oblivious
oblivious,fr,Benêt
oblivious,it,Indifferenza
oblivious,de,Dösigkeit
oblivious,es,Despiste
oblivious,ko,둔감
oblivious,zh-simp,迟钝
oblivious,zh-trad,遲鈍
opportunist,jp-kana,びんじょう
opportunist,jp-kanji,びんじょう
opportunist,en,Opportunist
opportunist,fr,Opportuniste
opportunist,it,Scrocco
opportunist,de,Profiteur
opportunist,es,Oportunista
opportunist,ko,편승
opportunist,zh-simp,跟风
opportunist,zh-trad,跟風
orichalcum-pulse,jp-kana,ひひいろのこどう
orichalcum-pulse,jp-kanji,ひひいろのこどう
orichalcum-pulse,en,Orichalcum Pulse
orichalcum-pulse,fr,Pouls Orichalque
orichalcum-pulse,it,Ritmo d’Oricalco
orichalcum-pulse,de,Orichalkum-Puls
orichalcum-pulse,es,Latido Oricalco
orichalcum-pulse,ko,진홍빛고동
orichalcum-pulse,zh-simp,绯红脉动
orichalcum-pulse,zh-trad,緋紅脈動
overcoat,jp-kana,ぼうじん
overcoat,jp-kanji,ぼうじん
overcoat,en,Overcoat
overcoat,fr,Envelocape
overcoat,it,Copricapo
overcoat,de,Partikelschutz
overcoat,es,Funda
overcoat,ko,방진
overcoat,zh-simp,防尘
overcoat,zh-trad,防塵
overgrow,jp-kana,しんりょく
overgrow,jp-kanji,しんりょく
overgrow,en,Overgrow
overgrow,fr,Engrais
overgrow,it,Erbaiuto
overgrow,de,Notdünger
overgrow,es,Espesura
overgrow,ko,심록
overgrow,zh-simp,茂盛
overgrow,zh-trad,茂盛
own-tempo,jp-kana,マイペース
own-tempo,jp-kanji,マイペース
own-tempo,en,Own Tempo
own-tempo,fr,Tempo Perso
own-tempo,it,Mente Locale
own-tempo,de,Gleichmut
own-tempo,es,Ritmo Propio
own-tempo,ko,마이페이스
own-tempo,zh-simp,我行我素
own-tempo,zh-trad,我行我素
parental-bond,jp-kana,おやこあい
parental-bond,jp-kanji,おやこあい
parental-bond,en,Parental Bond
parental-bond,fr,Amour Filial
parental-bond,it,Amorefiliale
parental-bond,de,Familienbande
parental-bond,es,Amor Filial
parental-bond,ko,부자유친
parental-bond,zh-simp,亲子爱
parental-bond,zh-trad,親子愛
pastel-veil,jp-kana,パステルベール
pastel-veil,jp-kanji,パステルベール
pastel-veil,en,Pastel Veil
pastel-veil,fr,Voile Pastel
pastel-veil,it,Pastelvelo
pastel-veil,de,Pastellhülle
pastel-veil,es,Velo Pastel
pastel-veil,ko,파스텔베일
pastel-veil,zh-simp,粉彩护幕
pastel-veil,zh-trad,粉彩護幕
perish-body,jp-kana,ほろびのボディ
perish-body,jp-kanji,ほろびのボディ
perish-body,en,Perish Body
perish-body,fr,Corps Condamné
perish-body,it,Ultimotocco
perish-body,de,Unheilskörper
perish-body,es,Cuerpo Mortal
perish-body,ko,멸망의바디
perish-body,zh-simp,灭亡之躯
perish-body,zh-trad,滅亡之軀
pickpocket,jp-kana,わるいてぐせ
pickpocket,jp-kanji,わるいてぐせ
pickpocket,en,Pickpocket
pickpocket,fr,Pickpocket
pickpocket,it,Arraffalesto
pickpocket,de,Langfinger
pickpocket,es,Hurto
pickpocket,ko,나쁜손버릇
pickpocket,zh-simp,顺手牵羊
pickpocket,zh-trad,順手牽羊
pickup,jp-kana,ものひろい
pickup,jp-kanji,ものひろい
pickup,en,Pickup
pickup,fr,Ramassage
pickup,it,Raccolta
pickup,de,Mitnahme
pickup,es,Recogida
pickup,ko,픽업
pickup,zh-simp,捡拾
pickup,zh-trad,撿拾
pixilate,jp-kana,フェアリースキン
pixilate,jp-kanji,フェアリースキン
pixilate,en,Pixilate
pixilate,fr,Peau Féérique
pixilate,it,Pellefolletto
pixilate,de,Feenschicht
pixilate,es,Piel Feérica
pixilate,ko,페어리스킨
pixilate,zh-simp,妖精皮肤
pixilate,zh-trad,妖精皮膚
plus,jp-kana,プラス
plus,jp-kanji,プラス
plus,en,Plus
plus,fr,Plus
plus,it,Più
plus,de,Plus
plus,es,Más
plus,ko,플러스
plus,zh-simp,正电
plus,zh-trad,正電
poison-heal,jp-kana,ポイズンヒール
poison-heal,jp-kanji,ポイズンヒール
poison-heal,en,Poison Heal
poison-heal,fr,Soin Poison
poison-heal,it,Velencura
poison-heal,de,Giftheilung
poison-heal,es,Antídoto
poison-heal,ko,포이즌힐
poison-heal,zh-simp,毒疗
poison-heal,zh-trad,毒療
poison-point,jp-kana,どくのトゲ
poison-point,jp-kanji,どくのトゲ
poison-point,en,Poison Point
poison-point,fr,Point Poison
poison-point,it,Velenopunte
poison-point,de,Giftdorn
poison-point,es,Punto Tóxico
poison-point,ko,독가시
poison-point,zh-simp,毒刺
poison-point,zh-trad,毒刺
poison-puppeteer,jp-kana,どくくぐつ
poison-puppeteer,jp-kanji,どくくぐつ
poison-puppeteer,en,Poison Puppeteer
poison-puppeteer,fr,Emprise Toxique
poison-puppeteer,it,Malia Tossica
poison-puppeteer,de,Giftpuppenspiel
poison-puppeteer,es,Títere Tóxico
poison-puppeteer,ko,독조종
poison-puppeteer,zh-simp,毒傀儡
poison-puppeteer,zh-trad,毒傀儡
poison-touch,jp-kana,どくしゅ
poison-touch,jp-kanji,どくしゅ
poison-touch,en,Poison Touch
poison-touch,fr,Toxitouche
poison-touch,it,Velentocco
poison-touch,de,Giftgriff
poison-touch,es,Toque Tóxico
poison-touch,ko,독수
poison-touch,zh-simp,毒手
poison-touch,zh-trad,毒手
power-construct,jp-kana,スワームチェンジ
power-construct,jp-kanji,スワームチェンジ
power-construct,en,Power Construct
power-construct,fr,Rassemblement
power-construct,it,Sciamefusione
power-construct,de,Scharwandel
power-construct,es,Agrupamiento
power-construct,ko,스웜체인지
power-construct,zh-simp,群聚变形
power-construct,zh-trad,群聚變形
power-of-alchemy,jp-kana,かがくのちから
power-of-alchemy,jp-kanji,かがくのちから
power-of-alchemy,en,Power of Alchemy
power-of-alchemy,fr,Osmose
power-of-alchemy,it,Forza Chimica
power-of-alchemy,de,Chemiekraft
power-of-alchemy,es,Reacción Química
power-of-alchemy,ko,화학의힘
power-of-alchemy,zh-simp,化学之力
power-of-alchemy,zh-trad,化學之力
power-spot,jp-kana,パワースポット
power-spot,jp-kanji,パワースポット
power-spot,en,Power Spot
power-spot,fr,Cercle d’Énergie
power-spot,it,Fonte Energetica
power-spot,de,Kraftquelle
power-spot,es,Fuente Energía
power-spot,ko,파워스폿
power-spot,zh-simp,能量点
power-spot,zh-trad,能量點
prankster,jp-kana,いたずらごころ
prankster,jp-kanji,いたずらごころ
prankster,en,Prankster
prankster,fr,Farceur
prankster,it,Burla
prankster,de,Strolch
prankster,es,Bromista
prankster,ko,짓궂은마음
prankster,zh-simp,恶作剧之心
prankster,zh-trad,惡作劇之心
pressure,jp-kana,プレッシャー
pressure,jp-kanji,プレッシャー
pressure,en,Pressure
pressure,fr,Pression
pressure,it,Pressione
pressure,de,Erzwinger
pressure,es,Presión
pressure,ko,프레셔
pressure,zh-simp,压迫感
pressure,zh-trad,壓迫感
primordial-sea,jp-kana,はじまりのうみ
primordial-sea,jp-kanji,はじまりのうみ
primordial-sea,en,Primordial Sea
primordial-sea,fr,Mer Primaire
primordial-sea,it,Mare Primordiale
primordial-sea,de,Urmeer
primordial-sea,es,Mar del Albor
primordial-sea,ko,시작의바다
primordial-sea,zh-simp,始源之海
primordial-sea,zh-trad,始源之海
prism-armor,jp-kana,プリズムアーマー
prism-armor,jp-kanji,プリズムアーマー
prism-armor,en,Prism Armor
prism-armor,fr,Prisme-Armure
prism-armor,it,Scudoprisma
prism-armor,de,Prismarüstung
prism-armor,es,Armadura Prisma
prism-armor,ko,프리즘아머
prism-armor,zh-simp,棱镜装甲
prism-armor,zh-trad,稜鏡裝甲
propeller-tail,jp-kana,スクリューおびれ
propeller-tail,jp-kanji,スクリューおびれ
propeller-tail,en,Propeller Tail
propeller-tail,fr,Propulseur
propeller-tail,it,Elicopinna
propeller-tail,de,Schraubflosse
propeller-tail,es,Hélice Caudal
propeller-tail,ko,스크루지느러미
propeller-tail,zh-simp,螺旋尾鳍
propeller-tail,zh-trad,螺旋尾鰭
protean,jp-kana,へんげんじざい
protean,jp-kanji,へんげんじざい
protean,en,Protean
protean,fr,Protéen
protean,it,Mutatipo
protean,de,Wandlungskunst
protean,es,Mutatipo
protean,ko,변환자재
protean,zh-simp,变幻自如
protean,zh-trad,變幻自如
protosynthesis,jp-kana,こだいかっせい
protosynthesis,jp-kanji,こだいかっせい
protosynthesis,en,Protosynthesis
protosynthesis,fr,Paléosynthèse
protosynthesis,it,Paleoattivazione
protosynthesis,de,Paläosynthese
protosynthesis,es,Paleosíntesis
protosynthesis,ko,고대활성
protosynthesis,zh-simp,古代活性
protosynthesis,zh-trad,古代活性
psychic-surge,jp-kana,サイコメイカー
psychic-surge,jp-kanji,サイコメイカー
psychic-surge,en,Psychic Surge
psychic-surge,fr,Créa-Psy
psychic-surge,it,Psicogenesi
psychic-surge,de,Psycho-Erzeuger
psychic-surge,es,Psicogénesis
psychic-surge,ko,사이코메이커
psychic-surge,zh-simp,精神制造者
psychic-surge,zh-trad,精神製造者
punk-rock,jp-kana,パンクロック
punk-rock,jp-kanji,パンクロック
punk-rock,en,Punk Rock
punk-rock,fr,Punk Rock
punk-rock,it,Punk Rock
punk-rock,de,Punk Rock
punk-rock,es,Punk Rock
punk-rock,ko,펑크록
punk-rock,zh-simp,庞克摇滚
punk-rock,zh-trad,龐克搖滾
pure-power,jp-kana,ヨガパワー
pure-power,jp-kanji,ヨガパワー
pure-power,en,Pure Power
pure-power,fr,Force Pure
pure-power,it,Forzapura
pure-power,de,Mentalkraft
pure-power,es,Energía Pura
pure-power,ko,순수한힘
pure-power,zh-simp,瑜伽之力
pure-power,zh-trad,瑜伽之力
purifying-salt,jp-kana,きよめのしお
purifying-salt,jp-kanji,きよめのしお
purifying-salt,en,Purifying Salt
purifying-salt,fr,Sel Purificateur
purifying-salt,it,Sale Purificante
purifying-salt,de,Läutersalz
purifying-salt,es,Sal Purificadora
purifying-salt,ko,정화의소금
purifying-salt,zh-simp,洁净之盐
purifying-salt,zh-trad,潔淨之鹽
quark-drive,jp-kana,クォークチャージ
quark-drive,jp-kanji,クォークチャージ
quark-drive,en,Quark Drive
quark-drive,fr,Charge Quantique
quark-drive,it,Carica Quark
quark-drive,de,Quantenantrieb
quark-drive,es,Carga Cuark
quark-drive,ko,쿼크차지
quark-drive,zh-simp,夸克充能
quark-drive,zh-trad,夸克充能
queenly-majesty,jp-kana,じょおうのいげん
queenly-majesty,jp-kanji,じょおうのいげん
queenly-majesty,en,Queenly Majesty
queenly-majesty,fr,Prestance Royale
queenly-majesty,it,Regalità
queenly-majesty,de,Majestät
queenly-majesty,es,Regia Presencia
queenly-majesty,ko,여왕의위엄
queenly-majesty,zh-simp,女王的威严
queenly-majesty,zh-trad,女王的威嚴
quick-draw,jp-kana,クイックドロウ
quick-draw,jp-kanji,クイックドロウ
quick-draw,en,Quick Draw
quick-draw,fr,Tir Vif
quick-draw,it,Colpolesto
quick-draw,de,Schnellschuss
quick-draw,es,Mano Rápida
quick-draw,ko,퀵드로
quick-draw,zh-simp,速击
quick-draw,zh-trad,速擊
quick-feet,jp-kana,はやあし
quick-feet,jp-kanji,はやあし
quick-feet,en,Quick Feet
quick-feet,fr,Pied Véloce
quick-feet,it,Piedisvelti
quick-feet,de,Rasanz
quick-feet,es,Pies Rápidos
quick-feet,ko,속보
quick-feet,zh-simp,飞毛腿
quick-feet,zh-trad,飛毛腿
rain-dish,jp-kana,あめうけざら
rain-dish,jp-kanji,あめうけざら
rain-dish,en,Rain Dish
rain-dish,fr,Cuvette
rain-dish,it,Copripioggia
rain-dish,de,Regengenuss
rain-dish,es,Cura Lluvia
rain-dish,ko,젖은접시
rain-dish,zh-simp,雨盘
rain-dish,zh-trad,雨盤
rattled,jp-kana,びびり
rattled,jp-kanji,びびり
rattled,en,Rattled
rattled,fr,Phobique
rattled,it,Paura
rattled,de,Hasenfuß
rattled,es,Cobardía
rattled,ko,주눅
rattled,zh-simp,胆怯
rattled,zh-trad,膽怯
receiver,jp-kana,レシーバー
receiver,jp-kanji,レシーバー
receiver,en,Receiver
receiver,fr,Receveur
receiver,it,Ricezione
receiver,de,Receiver
receiver,es,Receptor
receiver,ko,리시버
receiver,zh-simp,接球手
receiver,zh-trad,接球手
reckless,jp-kana,すてみ
reckless,jp-kanji,すてみ
reckless,en,Reckless
reckless,fr,Téméraire
reckless,it,Temerarietà
reckless,de,Achtlos
reckless,es,Audaz
reckless,ko,이판사판
reckless,zh-simp,舍身
reckless,zh-trad,捨身
refrigerate,jp-kana,フリーズスキン
refrigerate,jp-kanji,フリーズスキン
refrigerate,en,Refrigerate
refrigerate,fr,Peau Gelée
refrigerate,it,Pellegelo
refrigerate,de,Frostschicht
refrigerate,es,Piel Helada
refrigerate,ko,프리즈스킨
refrigerate,zh-simp,冰冻皮肤
refrigerate,zh-trad,冰凍皮膚
regenerator,jp-kana,さいせいりょく
regenerator,jp-kanji,さいせいりょく
regenerator,en,Regenerator
regenerator,fr,Régé-Force
regenerator,it,Rigenergia
regenerator,de,Belebekraft
regenerator,es,Regeneración
regenerator,ko,재생력
regenerator,zh-simp,再生力
regenerator,zh-trad,再生力
ripen,jp-kana,じゅくせい
ripen,jp-kanji,じゅくせい
ripen,en,Ripen
ripen,fr,Mûrissement
ripen,it,Maturazione
ripen,de,Heranreifen
ripen,es,Maduración
ripen,ko,숙성
ripen,zh-simp,熟成
ripen,zh-trad,熟成
rivalry,jp-kana,とうそうしん
rivalry,jp-kanji,とうそうしん
rivalry,en,Rivalry
rivalry,fr,Rivalité
rivalry,it,Antagonismo
rivalry,de,Rivalität
rivalry,es,Rivalidad
rivalry,ko,투쟁심
rivalry,zh-simp,斗争心
rivalry,zh-trad,鬥爭心
rks-system,jp-kana,ＡＲシステム
rks-system,jp-kanji,ＡＲシステム
rks-system,en,RKS System
rks-system,fr,Système Alpha
rks-system,it,Sistema Primevo
rks-system,de,Alpha-System
rks-system,es,Sistema Alfa
rks-system,ko,AR시스템
rks-system,zh-simp,ＡＲ系统
rks-system,zh-trad,ＡＲ系統
rock-head,jp-kana,いしあたま
rock-head,jp-kanji,いしあたま
rock-head,en,Rock Head
rock-head,fr,Tête de Roc
rock-head,it,Testadura
rock-head,de,Steinhaupt
rock-head,es,Cabeza Roca
rock-head,ko,돌머리
rock-head,zh-simp,坚硬脑袋
rock-head,zh-trad,堅硬腦袋
rocky-payload,jp-kana,いわはこび
rocky-payload,jp-kanji,いわはこび
rocky-payload,en,Rocky Payload
rocky-payload,fr,Porte-Roche
rocky-payload,it,Portamassi
rocky-payload,de,Steinträger
rocky-payload,es,Transportarrocas
rocky-payload,ko,바위나르기
rocky-payload,zh-simp,搬岩
rocky-payload,zh-trad,搬岩
rough-skin,jp-kana,さめはだ
rough-skin,jp-kanji,さめはだ
rough-skin,en,Rough Skin
rough-skin,fr,Peau Dure
rough-skin,it,Cartavetro
rough-skin,de,Rauhaut
rough-skin,es,Piel Tosca
rough-skin,ko,까칠한피부
rough-skin,zh-simp,粗糙皮肤
rough-skin,zh-trad,粗糙皮膚
run-away,jp-kana,にげあし
run-away,jp-kanji,にげあし
run-away,en,Run Away
run-away,fr,Fuite
run-away,it,Fugafacile
run-away,de,Angsthase
run-away,es,Fuga
run-away,ko,도주
run-away,zh-simp,逃跑
run-away,zh-trad,逃跑
sand-force,jp-kana,すなのちから
sand-force,jp-kanji,すなのちから
sand-force,en,Sand Force
sand-force,fr,Force Sable
sand-force,it,Silicoforza
sand-force,de,Sandgewalt
sand-force,es,Poder Arena
sand-force,ko,모래의힘
sand-force,zh-simp,沙之力
sand-force,zh-trad,沙之力
sand-rush,jp-kana,すなかき
sand-rush,jp-kanji,すなかき
sand-rush,en,Sand Rush
sand-rush,fr,Baigne Sable
sand-rush,it,Remasabbia
sand-rush,de,Sandscharrer
sand-rush,es,Ímpetu Arena
sand-rush,ko,모래헤치기
sand-rush,zh-simp,拨沙
sand-rush,zh-trad,撥沙
sand-spit,jp-kana,すなはき
sand-spit,jp-kanji,すなはき
sand-spit,en,Sand Spit
sand-spit,fr,Expul’Sable
sand-spit,it,Sputasabbia
sand-spit,de,Sandspeier
sand-spit,es,Expulsarena
sand-spit,ko,모래뿜기
sand-spit,zh-simp,吐沙
sand-spit,zh-trad,吐沙
sand-stream,jp-kana,すなおこし
sand-stream,jp-kanji,すなおこし
sand-stream,en,Sand Stream
sand-stream,fr,Sable Volant
sand-stream,it,Sabbiafiume
sand-stream,de,Sandsturm
sand-stream,es,Chorro Arena
sand-stream,ko,모래날림
sand-stream,zh-simp,扬沙
sand-stream,zh-trad,揚沙
sand-veil,jp-kana,すながくれ
sand-veil,jp-kanji,すながくれ
sand-veil,en,Sand Veil
sand-veil,fr,Voile Sable
sand-veil,it,Sabbiavelo
sand-veil,de,Sandschleier
sand-veil,es,Velo Arena
sand-veil,ko,모래숨기
sand-veil,zh-simp,沙隐
sand-veil,zh-trad,沙隱
sap-sipper,jp-kana,そうしょく
sap-sipper,jp-kanji,そうしょく
sap-sipper,en,Sap Sipper
sap-sipper,fr,Herbivore
sap-sipper,it,Mangiaerba
sap-sipper,de,Vegetarier
sap-sipper,es,Herbívoro
sap-sipper,ko,초식
sap-sipper,zh-simp,食草
sap-sipper,zh-trad,食草
schooling,jp-kana,ぎょぐん
schooling,jp-kanji,ぎょぐん
schooling,en,Schooling
schooling,fr,Banc
schooling,it,Banco
schooling,de,Fischschwarm
schooling,es,Banco
schooling,ko,어군
schooling,zh-simp,鱼群
schooling,zh-trad,魚群
scrappy,jp-kana,きもったま
scrappy,jp-kanji,きもったま
scrappy,en,Scrappy
scrappy,fr,Querelleur
scrappy,it,Nervisaldi
scrappy,de,Rauflust
scrappy,es,Intrépido
scrappy,ko,배짱
scrappy,zh-simp,胆量
scrappy,zh-trad,膽量
screen-cleaner,jp-kana,バリアフリー
screen-cleaner,jp-kanji,バリアフリー
screen-cleaner,en,Screen Cleaner
screen-cleaner,fr,Brise-Barrière
screen-cleaner,it,Annullabarriere
screen-cleaner,de,Hemmungslos
screen-cleaner,es,Antibarrera
screen-cleaner,ko,배리어프리
screen-cleaner,zh-simp,除障
screen-cleaner,zh-trad,除障
seed-sower,jp-kana,こぼれダネ
seed-sower,jp-kanji,こぼれダネ
seed-sower,en,Seed Sower
seed-sower,fr,Semencier
seed-sower,it,Spargisemi
seed-sower,de,Streusaat
seed-sower,es,Disemillar
seed-sower,ko,넘치는씨
seed-sower,zh-simp,掉出种子
seed-sower,zh-trad,掉出種子
serene-grace,jp-kana,てんのめぐみ
serene-grace,jp-kanji,てんのめぐみ
serene-grace,en,Serene Grace
serene-grace,fr,Sérénité
serene-grace,it,Leggiadro
serene-grace,de,Edelmut
serene-grace,es,Dicha
serene-grace,ko,하늘의은총
serene-grace,zh-simp,天恩
serene-grace,zh-trad,天恩
shadow-shield,jp-kana,ファントムガード
shadow-shield,jp-kanji,ファントムガード
shadow-shield,en,Shadow Shield
shadow-shield,fr,Spectro-Bouclier
shadow-shield,it,Spettroguardia
shadow-shield,de,Phantomschutz
shadow-shield,es,Guardia Espectro
shadow-shield,ko,스펙터가드
shadow-shield,zh-simp,幻影防守
shadow-shield,zh-trad,幻影防守
shadow-tag,jp-kana,かげふみ
shadow-tag,jp-kanji,かげふみ
shadow-tag,en,Shadow Tag
shadow-tag,fr,Marque Ombre
shadow-tag,it,Pedinombra
shadow-tag,de,Wegsperre
shadow-tag,es,Sombra Trampa
shadow-tag,ko,그림자밟기
shadow-tag,zh-simp,踩影
shadow-tag,zh-trad,踩影
sharpness,jp-kana,きれあじ
sharpness,jp-kanji,きれあじ
sharpness,en,Sharpness
sharpness,fr,Incisif
sharpness,it,Affilama
sharpness,de,Scharfkantig
sharpness,es,Cortante
sharpness,ko,예리함
sharpness,zh-simp,锋锐
sharpness,zh-trad,鋒銳
shed-skin,jp-kana,だっぴ
shed-skin,jp-kanji,だっぴ
shed-skin,en,Shed Skin
shed-skin,fr,Mue
shed-skin,it,Muta
shed-skin,de,Expidermis
shed-skin,es,Mudar
shed-skin,ko,탈피
shed-skin,zh-simp,蜕皮
shed-skin,zh-trad,蛻皮
sheer-force,jp-kana,ちからずく
sheer-force,jp-kanji,ちからずく
sheer-force,en,Sheer Force
sheer-force,fr,Sans Limite
sheer-force,it,Forzabruta
sheer-force,de,Rohe Gewalt
sheer-force,es,Potencia Bruta
sheer-force,ko,우격다짐
sheer-force,zh-simp,强行
sheer-force,zh-trad,強行
shell-armor,jp-kana,シェルアーマー
shell-armor,jp-kanji,シェルアーマー
shell-armor,en,Shell Armor
shell-armor,fr,Coque Armure
shell-armor,it,Guscioscudo
shell-armor,de,Panzerhaut
shell-armor,es,Caparazón
shell-armor,ko,조가비갑옷
shell-armor,zh-simp,硬壳盔甲
shell-armor,zh-trad,硬殼盔甲
shield-dust,jp-kana,りんぷん
shield-dust,jp-kanji,りんぷん
shield-dust,en,Shield Dust
shield-dust,fr,Écran Poudre
shield-dust,it,Polvoscudo
shield-dust,de,Puderabwehr
shield-dust,es,Polvo Escudo
shield-dust,ko,인분
shield-dust,zh-simp,鳞粉
shield-dust,zh-trad,鱗粉
shields-down,jp-kana,リミットシールド
shields-down,jp-kanji,リミットシールド
shields-down,en,Shields Down
shields-down,fr,Bouclier-Carcan
shields-down,it,Scudosoglia
shields-down,de,Limitschild
shields-down,es,Escudo Limitado
shields-down,ko,리밋실드
shields-down,zh-simp,界限盾壳
shields-down,zh-trad,界限盾殼
simple,jp-kana,たんじゅん
simple,jp-kanji,たんじゅん
simple,en,Simple
simple,fr,Simple
simple,it,Disinvoltura
simple,de,Wankelmut
simple,es,Simple
simple,ko,단순
simple,zh-simp,单纯
simple,zh-trad,單純
skill-link,jp-kana,スキルリンク
skill-link,jp-kanji,スキルリンク
skill-link,en,Skill Link
skill-link,fr,Multi-Coups
skill-link,it,Abillegame
skill-link,de,Wertelink
skill-link,es,Encadenado
skill-link,ko,스킬링크
skill-link,zh-simp,连续攻击
skill-link,zh-trad,連續攻擊
slow-start,jp-kana,スロースタート
slow-start,jp-kanji,スロースタート
slow-start,en,Slow Start
slow-start,fr,Début Calme
slow-start,it,Lentoinizio
slow-start,de,Saumselig
slow-start,es,Inicio Lento
slow-start,ko,슬로스타트
slow-start,zh-simp,慢启动
slow-start,zh-trad,慢啟動
slush-rush,jp-kana,ゆきかき
slush-rush,jp-kanji,ゆきかき
slush-rush,en,Slush Rush
slush-rush,fr,Chasse-Neige
slush-rush,it,Spalaneve
slush-rush,de,Schneescharrer
slush-rush,es,Quitanieves
slush-rush,ko,눈치우기
slush-rush,zh-simp,拨雪
slush-rush,zh-trad,撥雪
sniper,jp-kana,スナイパー
sniper,jp-kanji,スナイパー
sniper,en,Sniper
sniper,fr,Sniper
sniper,it,Cecchino
sniper,de,Superschütze
sniper,es,Francotirador
sniper,ko,스나이퍼
sniper,zh-simp,狙击手
sniper,zh-trad,狙擊手
snow-cloak,jp-kana,ゆきがくれ
snow-cloak,jp-kanji,ゆきがくれ
snow-cloak,en,Snow Cloak
snow-cloak,fr,Rideau Neige
snow-cloak,it,Mantelneve
snow-cloak,de,Schneemantel
snow-cloak,es,Manto Níveo
snow-cloak,ko,눈숨기
snow-cloak,zh-simp,雪隐
snow-cloak,zh-trad,雪隱
snow-warning,jp-kana,ゆきふらし
snow-warning,jp-kanji,ゆきふらし
snow-warning,en,Snow Warning
snow-warning,fr,Alerte Neige
snow-warning,it,Scendineve
snow-warning,de,Schneeschauer
snow-warning,es,Nevada
snow-warning,ko,눈퍼뜨리기
snow-warning,zh-simp,降雪
snow-warning,zh-trad,降雪
solar-power,jp-kana,サンパワー
solar-power,jp-kanji,サンパワー
solar-power,en,Solar Power
solar-power,fr,Force Soleil
solar-power,it,Solarpotere
solar-power,de,Solarkraft
solar-power,es,Poder Solar
solar-power,ko,선파워
solar-power,zh-simp,太阳之力
solar-power,zh-trad,太陽之力
solid-rock,jp-kana,ハードロック
solid-rock,jp-kanji,ハードロック
solid-rock,en,Solid Rock
solid-rock,fr,Solide Roc
solid-rock,it,Solidroccia
solid-rock,de,Felskern
solid-rock,es,Roca Sólida
solid-rock,ko,하드록
solid-rock,zh-simp,坚硬岩石
solid-rock,zh-trad,堅硬岩石
soul-heart,jp-kana,ソウルハート
soul-heart,jp-kanji,ソウルハート
soul-heart,en,Soul-Heart
soul-heart,fr,Animacœur
soul-heart,it,Cuoreanima
soul-heart,de,Seelenherz
soul-heart,es,Coránima
soul-heart,ko,소울하트
soul-heart,zh-simp,魂心
soul-heart,zh-trad,魂心
soundproof,jp-kana,ぼうおん
soundproof,jp-kanji,ぼうおん
soundproof,en,Soundproof
soundproof,fr,Anti-Bruit
soundproof,it,Antisuono
soundproof,de,Lärmschutz
soundproof,es,Insonorizar
soundproof,ko,방음
soundproof,zh-simp,隔音
soundproof,zh-trad,隔音
speed-boost,jp-kana,かそく
speed-boost,jp-kanji,かそく
speed-boost,en,Speed Boost
speed-boost,fr,Turbo
speed-boost,it,Acceleratore
speed-boost,de,Temposchub
speed-boost,es,Impulso
speed-boost,ko,가속
speed-boost,zh-simp,加速
speed-boost,zh-trad,加速
stakeout,jp-kana,はりこみ
stakeout,jp-kanji,はりこみ
stakeout,en,Stakeout
stakeout,fr,Filature
stakeout,it,Sorveglianza
stakeout,de,Beschattung
stakeout,es,Vigilante
stakeout,ko,잠복
stakeout,zh-simp,蹲守
stakeout,zh-trad,監視
stall,jp-kana,あとだし
stall,jp-kanji,あとだし
stall,en,Stall
stall,fr,Frein
stall,it,Rallentatore
stall,de,Zeitspiel
stall,es,Rezagado
stall,ko,시간벌기
stall,zh-simp,慢出
stall,zh-trad,慢出
stalwart,jp-kana,すじがねいり
stalwart,jp-kanji,すじがねいり
stalwart,en,Stalwart
stalwart,fr,Nerfs d’Acier
stalwart,it,Volontà di Ferro
stalwart,de,Stahlrückgrat
stalwart,es,Acérrimo
stalwart,ko,굳건한신념
stalwart,zh-simp,坚毅
stalwart,zh-trad,堅毅
stamina,jp-kana,じきゅうりょく
stamina,jp-kanji,じきゅうりょく
stamina,en,Stamina
stamina,fr,Endurance
stamina,it,Sopportazione
stamina,de,Zähigkeit
stamina,es,Firmeza
stamina,ko,지구력
stamina,zh-simp,持久力
stamina,zh-trad,持久力
stance-change,jp-kana,バトルスイッチ
stance-change,jp-kanji,バトルスイッチ
stance-change,en,Stance Change
stance-change,fr,Déclic Tactique
stance-change,it,Accendilotta
stance-change,de,Taktikwechsel
stance-change,es,Cambio Táctico
stance-change,ko,배틀스위치
stance-change,zh-simp,战斗切换
stance-change,zh-trad,戰鬥切換
static,jp-kana,せいでんき
static,jp-kanji,せいでんき
static,en,Static
static,fr,Statik
static,it,Statico
static,de,Statik
static,es,Elec. Estática
static,ko,정전기
static,zh-simp,静电
static,zh-trad,靜電
steadfast,jp-kana,ふくつのこころ
steadfast,jp-kanji,ふくつのこころ
steadfast,en,Steadfast
steadfast,fr,Impassible
steadfast,it,Cuordeciso
steadfast,de,Felsenfest
steadfast,es,Impasible
steadfast,ko,불굴의마음
steadfast,zh-simp,不屈之心
steadfast,zh-trad,不屈之心
steam-engine,jp-kana,じょうききかん
steam-engine,jp-kanji,じょうききかん
steam-engine,en,Steam Engine
steam-engine,fr,Turbine
steam-engine,it,Vapormacchina
steam-engine,de,Dampfantrieb
steam-engine,es,Combustible
steam-engine,ko,증기기관
steam-engine,zh-simp,蒸汽机
steam-engine,zh-trad,蒸汽機
steelworker,jp-kana,はがねつかい
steelworker,jp-kanji,はがねつかい
steelworker,en,Steelworker
steelworker,fr,Expert Acier
steelworker,it,Tempracciaio
steelworker,de,Stahlprofi
steelworker,es,Acero Templado
steelworker,ko,강철술사
steelworker,zh-simp,钢能力者
steelworker,zh-trad,鋼能力者
steely-spirit,jp-kana,はがねのせいしん
steely-spirit,jp-kanji,はがねのせいしん
steely-spirit,en,Steely Spirit
steely-spirit,fr,Boost Acier
steely-spirit,it,Spiritoferreo
steely-spirit,de,Stählerner Wille
steely-spirit,es,Alma Acerada
steely-spirit,ko,강철정신
steely-spirit,zh-simp,钢之意志
steely-spirit,zh-trad,鋼之意志
stench,jp-kana,あくしゅう
stench,jp-kanji,あくしゅう
stench,en,Stench
stench,fr,Puanteur
stench,it,Tanfo
stench,de,Duftnote
stench,es,Hedor
stench,ko,악취
stench,zh-simp,恶臭
stench,zh-trad,惡臭
sticky-hold,jp-kana,ねんちゃく
sticky-hold,jp-kanji,ねんちゃく
sticky-hold,en,Sticky Hold
sticky-hold,fr,Glu
sticky-hold,it,Antifurto
sticky-hold,de,Klebekörper
sticky-hold,es,Viscosidad
sticky-hold,ko,점착
sticky-hold,zh-simp,黏着
sticky-hold,zh-trad,黏著
storm-drain,jp-kana,よびみず
storm-drain,jp-kanji,よびみず
storm-drain,en,Storm Drain
storm-drain,fr,Lavabo
storm-drain,it,Acquascolo
storm-drain,de,Sturmsog
storm-drain,es,Colector
storm-drain,ko,마중물
storm-drain,zh-simp,引水
storm-drain,zh-trad,引水
strong-jaw,jp-kana,がんじょうあご
strong-jaw,jp-kanji,がんじょうあご
strong-jaw,en,Strong Jaw
strong-jaw,fr,Prognathe
strong-jaw,it,Ferromascella
strong-jaw,de,Titankiefer
strong-jaw,es,Mandíbula Fuerte
strong-jaw,ko,옹골찬턱
strong-jaw,zh-simp,强壮之颚
strong-jaw,zh-trad,強壯之顎
sturdy,jp-kana,がんじょう
sturdy,jp-kanji,がんじょう
sturdy,en,Sturdy
sturdy,fr,Fermeté
sturdy,it,Vigore
sturdy,de,Robustheit
sturdy,es,Robustez
sturdy,ko,옹골참
sturdy,zh-simp,结实
sturdy,zh-trad,結實
suction-cups,jp-kana,きゅうばん
suction-cups,jp-kanji,きゅうばん
suction-cups,en,Suction Cups
suction-cups,fr,Ventouse
suction-cups,it,Ventose
suction-cups,de,Saugnapf
suction-cups,es,Ventosas
suction-cups,ko,흡반
suction-cups,zh-simp,吸盘
suction-cups,zh-trad,吸盤
super-luck,jp-kana,きょううん
super-luck,jp-kanji,きょううん
super-luck,en,Super Luck
super-luck,fr,Chanceux
super-luck,it,Supersorte
super-luck,de,Glückspilz
super-luck,es,Afortunado
super-luck,ko,대운
super-luck,zh-simp,超幸运
super-luck,zh-trad,超幸運
supersweet-syrup,jp-kana,かんろなミツ
supersweet-syrup,jp-kanji,かんろなミツ
supersweet-syrup,en,Supersweet Syrup
supersweet-syrup,fr,Nectar Mielleux
supersweet-syrup,it,Sciroppo Sublime
supersweet-syrup,de,Süßer Nektar
supersweet-syrup,es,Néctar Dulce
supersweet-syrup,ko,감미로운꿀
supersweet-syrup,zh-simp,甘露之蜜
supersweet-syrup,zh-trad,甘露之蜜
supreme-overlord,jp-kana,そうだいしょう
supreme-overlord,jp-kanji,そうだいしょう
supreme-overlord,en,Supreme Overlord
supreme-overlord,fr,Général Suprême
supreme-overlord,it,Generale Supremo
supreme-overlord,de,Feldherr
supreme-overlord,es,General Supremo
supreme-overlord,ko,총대장
supreme-overlord,zh-simp,大将
supreme-overlord,zh-trad,大將
surge-surfer,jp-kana,サーフテール
surge-surfer,jp-kanji,サーフテール
surge-surfer,en,Surge Surfer
surge-surfer,fr,Surf Caudal
surge-surfer,it,Codasurf
surge-surfer,de,Surf-Schweif
surge-surfer,es,Cola Surf
surge-surfer,ko,서핑테일
surge-surfer,zh-simp,冲浪之尾
surge-surfer,zh-trad,衝浪之尾
swarm,jp-kana,むしのしらせ
swarm,jp-kanji,むしのしらせ
swarm,en,Swarm
swarm,fr,Essaim
swarm,it,Aiutinsetto
swarm,de,Hexaplaga
swarm,es,Enjambre
swarm,ko,벌레의알림
swarm,zh-simp,虫之预感
swarm,zh-trad,蟲之預感
sweet-veil,jp-kana,スイートベール
sweet-veil,jp-kanji,スイートベール
sweet-veil,en,Sweet Veil
sweet-veil,fr,Gluco-Voile
sweet-veil,it,Dolcevelo
sweet-veil,de,Zuckerhülle
sweet-veil,es,Velo Dulce
sweet-veil,ko,스위트베일
sweet-veil,zh-simp,甜幕
sweet-veil,zh-trad,甜幕
swift-swim,jp-kana,すいすい
swift-swim,jp-kanji,すいすい
swift-swim,en,Swift Swim
swift-swim,fr,Glissade
swift-swim,it,Nuotovelox
swift-swim,de,Wassertempo
swift-swim,es,Nado Rápido
swift-swim,ko,쓱쓱
swift-swim,zh-simp,悠游自如
swift-swim,zh-trad,悠游自如
sword-of-ruin,jp-kana,わざわいのつるぎ
sword-of-ruin,jp-kanji,わざわいのつるぎ
sword-of-ruin,en,Sword of Ruin
sword-of-ruin,fr,Épée du Fléau
sword-of-ruin,it,Spada Nefasta
sword-of-ruin,de,Unheilsschwert
sword-of-ruin,es,Espada Debacle
sword-of-ruin,ko,재앙의검
sword-of-ruin,zh-simp,灾祸之剑
sword-of-ruin,zh-trad,災禍之劍
symbiosis,jp-kana,きょうせい
symbiosis,jp-kanji,きょうせい
symbiosis,en,Symbiosis
symbiosis,fr,Symbiose
symbiosis,it,Simbiosi
symbiosis,de,Symbiose
symbiosis,es,Simbiosis
symbiosis,ko,공생
symbiosis,zh-simp,共生
symbiosis,zh-trad,共生
synchronize,jp-kana,シンクロ
synchronize,jp-kanji,シンクロ
synchronize,en,Synchronize
synchronize,fr,Synchro
synchronize,it,Sincronismo
synchronize,de,Synchro
synchronize,es,Sincronía
synchronize,ko,싱크로
synchronize,zh-simp,同步
synchronize,zh-trad,同步
tablets-of-ruin,jp-kana,わざわいのおふだ
tablets-of-ruin,jp-kanji,わざわいのおふだ
tablets-of-ruin,en,Tablets of Ruin
tablets-of-ruin,fr,Bois du Fléau
tablets-of-ruin,it,Amuleto Nefasto
tablets-of-ruin,de,Unheilstafeln
tablets-of-ruin,es,Tablilla Debacle
tablets-of-ruin,ko,재앙의목간
tablets-of-ruin,zh-simp,灾祸之简
tablets-of-ruin,zh-trad,災禍之簡
tangled-feet,jp-kana,ちどりあし
tangled-feet,jp-kanji,ちどりあし
tangled-feet,en,Tangled Feet
tangled-feet,fr,Pieds Confus
tangled-feet,it,Intricopiedi
tangled-feet,de,Taumelschritt
tangled-feet,es,Tumbos
tangled-feet,ko,갈지자걸음
tangled-feet,zh-simp,蹒跚
tangled-feet,zh-trad,蹣跚
tangling-hair,jp-kana,カーリーヘアー
tangling-hair,jp-kanji,カーリーヘアー
tangling-hair,en,Tangling Hair
tangling-hair,fr,Mèche Rebelle
tangling-hair,it,Boccolidoro
tangling-hair,de,Lockenkopf
tangling-hair,es,Rizos Rebeldes
tangling-hair,ko,컬리헤어
tangling-hair,zh-simp,卷发
tangling-hair,zh-trad,捲髮
technician,jp-kana,テクニシャン
technician,jp-kanji,テクニシャン
technician,en,Technician
technician,fr,Technicien
technician,it,Tecnico
technician,de,Techniker
technician,es,Experto
technician,ko,테크니션
technician,zh-simp,技术高手
technician,zh-trad,技術高手
telepathy,jp-kana,テレパシー
telepathy,jp-kanji,テレパシー
telepathy,en,Telepathy
telepathy,fr,Télépathe
telepathy,it,Telepatia
telepathy,de,Telepathie
telepathy,es,Telepatía
telepathy,ko,텔레파시
telepathy,zh-simp,心灵感应
telepathy,zh-trad,心靈感應
tera-shell,jp-kana,テラスシェル
tera-shell,jp-kanji,テラスシェル
tera-shell,en,Tera Shell
tera-shell,fr,Téra-Carapace
tera-shell,it,Teraguscio
tera-shell,de,Tera-Panzer
tera-shell,es,Teracaparazón
tera-shell,ko,테라셸
tera-shell,zh-simp,太晶甲壳
tera-shell,zh-trad,太晶甲殼
tera-shift,jp-kana,テラスチェンジ
tera-shift,jp-kanji,テラスチェンジ
tera-shift,en,Tera Shift
tera-shift,fr,Téramorphose
tera-shift,it,Teramorfosi
tera-shift,de,Tera-Wandel
tera-shift,es,Teracambio
tera-shift,ko,테라체인지
tera-shift,zh-simp,太晶变形
tera-shift,zh-trad,太晶變形
teraform-zero,jp-kana,ゼロフォーミング
teraform-zero,jp-kanji,ゼロフォーミング
teraform-zero,en,Teraform Zero
teraform-zero,fr,Téraformation 0
teraform-zero,it,Zeroformazione
teraform-zero,de,Teraforming Null
teraform-zero,es,Teraformación 0
teraform-zero,ko,제로포밍
teraform-zero,zh-simp,归零化境
teraform-zero,zh-trad,歸零化境
teravolt,jp-kana,テラボルテージ
teravolt,jp-kanji,テラボルテージ
teravolt,en,Teravolt
teravolt,fr,Téra-Voltage
teravolt,it,Teravolt
teravolt,de,Teravolt
teravolt,es,Terravoltaje
teravolt,ko,테라볼티지
teravolt,zh-simp,兆级电压
teravolt,zh-trad,兆級電壓
thermal-exchange,jp-kana,ねつこうかん
thermal-exchange,jp-kanji,ねつこうかん
thermal-exchange,en,Thermal Exchange
thermal-exchange,fr,Thermodynamique
thermal-exchange,it,Termoscambio
thermal-exchange,de,Thermowandel
thermal-exchange,es,Termoconversión
thermal-exchange,ko,열교환
thermal-exchange,zh-simp,热交换
thermal-exchange,zh-trad,熱交換
thick-fat,jp-kana,あついしぼう
thick-fat,jp-kanji,あついしぼう
thick-fat,en,Thick Fat
thick-fat,fr,Isograisse
thick-fat,it,Grassospesso
thick-fat,de,Speckschicht
thick-fat,es,Sebo
thick-fat,ko,두꺼운지방
thick-fat,zh-simp,厚脂肪
thick-fat,zh-trad,厚脂肪
tinted-lens,jp-kana,いろめがね
tinted-lens,jp-kanji,いろめがね
tinted-lens,en,Tinted Lens
tinted-lens,fr,Lentiteintée
tinted-lens,it,Lentifumé
tinted-lens,de,Aufwertung
tinted-lens,es,Cromolente
tinted-lens,ko,색안경
tinted-lens,zh-simp,有色眼镜
tinted-lens,zh-trad,有色眼鏡
torrent,jp-kana,げきりゅう
torrent,jp-kanji,げきりゅう
torrent,en,Torrent
torrent,fr,Torrent
torrent,it,Acquaiuto
torrent,de,Sturzbach
torrent,es,Torrente
torrent,ko,급류
torrent,zh-simp,激流
torrent,zh-trad,激流
tough-claws,jp-kana,かたいツメ
tough-claws,jp-kanji,かたいツメ
tough-claws,en,Tough Claws
tough-claws,fr,Griffe Dure
tough-claws,it,Unghiedure
tough-claws,de,Krallenwucht
tough-claws,es,Garra Dura
tough-claws,ko,단단한발톱
tough-claws,zh-simp,硬爪
tough-claws,zh-trad,硬爪
toxic-boost,jp-kana,どくぼうそう
toxic-boost,jp-kanji,どくぼうそう
toxic-boost,en,Toxic Boost
toxic-boost,fr,Rage Poison
toxic-boost,it,Velenimpeto
toxic-boost,de,Giftwahn
toxic-boost,es,Ímpetu Tóxico
toxic-boost,ko,독폭주
toxic-boost,zh-simp,中毒激升
toxic-boost,zh-trad,中毒激升
toxic-chain,jp-kana,どくのくさり
toxic-chain,jp-kanji,どくのくさり
toxic-chain,en,Toxic Chain
toxic-chain,fr,Chaîne Toxique
toxic-chain,it,Catena Tossica
toxic-chain,de,Giftkette
toxic-chain,es,Cadena Tóxica
toxic-chain,ko,독사슬
toxic-chain,zh-simp,毒锁链
toxic-chain,zh-trad,毒鎖鏈
toxic-debris,jp-kana,どくげしょう
toxic-debris,jp-kanji,どくげしょう
toxic-debris,en,Toxic Debris
toxic-debris,fr,Dépôt Toxique
toxic-debris,it,Mantossina
toxic-debris,de,Giftbelag
toxic-debris,es,Capa Tóxica
toxic-debris,ko,독치장
toxic-debris,zh-simp,毒满地
toxic-debris,zh-trad,毒滿地
trace,jp-kana,トレース
trace,jp-kanji,トレース
trace,en,Trace
trace,fr,Calque
trace,it,Traccia
trace,de,Erfassen
trace,es,Calco
trace,ko,트레이스
trace,zh-simp,复制
trace,zh-trad,複製
transistor,jp-kana,トランジスタ
transistor,jp-kanji,トランジスタ
transistor,en,Transistor
transistor,fr,Transistor
transistor,it,Transistor
transistor,de,Transistor
transistor,es,Transistor
transistor,ko,트랜지스터
transistor,zh-simp,电晶体
transistor,zh-trad,電晶體
triage,jp-kana,ヒーリングシフト
triage,jp-kanji,ヒーリングシフト
triage,en,Triage
triage,fr,Prioguérison
triage,it,Primacura
triage,de,Heilwandel
triage,es,Primer Auxilio
triage,ko,힐링시프트
triage,zh-simp,先行治疗
triage,zh-trad,先行治療
truant,jp-kana,なまけ
truant,jp-kanji,なまけ
truant,en,Truant
truant,fr,Absentéisme
truant,it,Pigrone
truant,de,Schnarchnase
truant,es,Pereza
truant,ko,게으름
truant,zh-simp,懒惰
truant,zh-trad,懶惰
turboblaze,jp-kana,ターボブレイズ
turboblaze,jp-kanji,ターボブレイズ
turboblaze,en,Turboblaze
turboblaze,fr,Turbo Brasier
turboblaze,it,Piroturbina
turboblaze,de,Turbobrand
turboblaze,es,Turbollama
turboblaze,ko,터보블레이즈
turboblaze,zh-simp,涡轮火焰
turboblaze,zh-trad,渦輪火焰
unaware,jp-kana,てんねん
unaware,jp-kanji,てんねん
unaware,en,Unaware
unaware,fr,Inconscient
unaware,it,Imprudenza
unaware,de,Unkenntnis
unaware,es,Ignorante
unaware,ko,천진
unaware,zh-simp,纯朴
unaware,zh-trad,純樸
unburden,jp-kana,かるわざ
unburden,jp-kanji,かるわざ
unburden,en,Unburden
unburden,fr,Délestage
unburden,it,Agiltecnica
unburden,de,Entlastung
unburden,es,Liviano
unburden,ko,곡예
unburden,zh-simp,轻装
unburden,zh-trad,輕裝
unnerve,jp-kana,きんちょうかん
unnerve,jp-kanji,きんちょうかん
unnerve,en,Unnerve
unnerve,fr,Tension
unnerve,it,Agitazione
unnerve,de,Anspannung
unnerve,es,Nerviosismo
unnerve,ko,긴장감
unnerve,zh-simp,紧张感
unnerve,zh-trad,緊張感
unseen-fist,jp-kana,ふかしのこぶし
unseen-fist,jp-kanji,ふかしのこぶし
unseen-fist,en,Unseen Fist
unseen-fist,fr,Poing Invisible
unseen-fist,it,Pugni Invisibili
unseen-fist,de,Verborgene Faust
unseen-fist,es,Puño Invisible
unseen-fist,ko,보이지않는주먹
unseen-fist,zh-simp,无形拳
unseen-fist,zh-trad,無形拳
vessel-of-ruin,jp-kana,わざわいのうつわ
vessel-of-ruin,jp-kanji,わざわいのうつわ
vessel-of-ruin,en,Vessel of Ruin
vessel-of-ruin,fr,Urne du Fléau
vessel-of-ruin,it,Vaso Nefasto
vessel-of-ruin,de,Unheilsgefäß
vessel-of-ruin,es,Caldero Debacle
vessel-of-ruin,ko,재앙의그릇
vessel-of-ruin,zh-simp,灾祸之鼎
vessel-of-ruin,zh-trad,災禍之鼎
victory-star,jp-kana,しょうりのほし
victory-star,jp-kanji,しょうりのほし
victory-star,en,Victory Star
victory-star,fr,Victorieux
victory-star,it,Vittorstella
victory-star,de,Triumphstern
victory-star,es,Tinovictoria
victory-star,ko,승리의별
victory-star,zh-simp,胜利之星
victory-star,zh-trad,勝利之星
vital-spirit,jp-kana,やるき
vital-spirit,jp-kanji,やるき
vital-spirit,en,Vital Spirit
vital-spirit,fr,Esprit Vital
vital-spirit,it,Spiritovivo
vital-spirit,de,Munterkeit
vital-spirit,es,Espíritu Vital
vital-spirit,ko,의기양양
vital-spirit,zh-simp,干劲
vital-spirit,zh-trad,幹勁
volt-absorb,jp-kana,ちくでん
volt-absorb,jp-kanji,ちくでん
volt-absorb,en,Volt Absorb
volt-absorb,fr,Absorbe-Volt
volt-absorb,it,Assorbivolt
volt-absorb,de,Voltabsorber
volt-absorb,es,Absorbe Elec
volt-absorb,ko,축전
volt-absorb,zh-simp,蓄电
volt-absorb,zh-trad,蓄電
wandering-spirit,jp-kana,さまようたましい
wandering-spirit,jp-kanji,さまようたましい
wandering-spirit,en,Wandering Spirit
wandering-spirit,fr,Âme Vagabonde
wandering-spirit,it,Anima Errante
wandering-spirit,de,Rastlose Seele
wandering-spirit,es,Alma Errante
wandering-spirit,ko,떠도는영혼
wandering-spirit,zh-simp,游魂
wandering-spirit,zh-trad,遊魂
water-absorb,jp-kana,ちょすい
water-absorb,jp-kanji,ちょすい
water-absorb,en,Water Absorb
water-absorb,fr,Absorbe-Eau
water-absorb,it,Assorbacqua
water-absorb,de,H2O-Absorber
water-absorb,es,Absorbe Agua
water-absorb,ko,저수
water-absorb,zh-simp,储水
water-absorb,zh-trad,儲水
water-bubble,jp-kana,すいほう
water-bubble,jp-kanji,すいほう
water-bubble,en,Water Bubble
water-bubble,fr,Aquabulle
water-bubble,it,Bolladacqua
water-bubble,de,Wasserblase
water-bubble,es,Pompa
water-bubble,ko,수포
water-bubble,zh-simp,水泡
water-bubble,zh-trad,水泡
water-compaction,jp-kana,みずがため
water-compaction,jp-kanji,みずがため
water-compaction,en,Water Compaction
water-compaction,fr,Sable Humide
water-compaction,it,Idrorinforzo
water-compaction,de,Verklumpen
water-compaction,es,Hidrorrefuerzo
water-compaction,ko,꾸덕꾸덕굳기
water-compaction,zh-simp,遇水凝固
water-compaction,zh-trad,遇水凝固
water-veil,jp-kana,みずのベール
water-veil,jp-kanji,みずのベール
water-veil,en,Water Veil
water-veil,fr,Ignifu-Voile
water-veil,it,Idrovelo
water-veil,de,Aquahülle
water-veil,es,Velo Agua
water-veil,ko,수의베일
water-veil,zh-simp,水幕
water-veil,zh-trad,水幕
weak-armor,jp-kana,くだけるよろい
weak-armor,jp-kanji,くだけるよろい
weak-armor,en,Weak Armor
weak-armor,fr,Armurouillée
weak-armor,it,Sottilguscio
weak-armor,de,Bruchrüstung
weak-armor,es,Armadura Frágil
weak-armor,ko,깨어진갑옷
weak-armor,zh-simp,碎裂铠甲
weak-armor,zh-trad,碎裂鎧甲
well-baked-body,jp-kana,こんがりボディ
well-baked-body,jp-kanji,こんがりボディ
well-baked-body,en,Well-Baked Body
well-baked-body,fr,Bien Cuit
well-baked-body,it,Bentostato
well-baked-body,de,Knusperkruste
well-baked-body,es,Cuerpo Horneado
well-baked-body,ko,노릇노릇바디
well-baked-body,zh-simp,焦香之躯
well-baked-body,zh-trad,焦香之軀
white-smoke,jp-kana,しろいけむり
white-smoke,jp-kanji,しろいけむり
white-smoke,en,White Smoke
white-smoke,fr,Écran Fumée
white-smoke,it,Fumochiaro
white-smoke,de,Pulverrauch
white-smoke,es,Humo Blanco
white-smoke,ko,하얀연기
white-smoke,zh-simp,白色烟雾
white-smoke,zh-trad,白色煙霧
wimp-out,jp-kana,にげごし
wimp-out,jp-kanji,にげごし
wimp-out,en,Wimp Out
wimp-out,fr,Escampette
wimp-out,it,Fuggifuggi
wimp-out,de,Reißaus
wimp-out,es,Huida
wimp-out,ko,도망태세
wimp-out,zh-simp,跃跃欲逃
wimp-out,zh-trad,躍躍欲逃
wind-power,jp-kana,ふうりょくでんき
wind-power,jp-kanji,ふうりょくでんき
wind-power,en,Wind Power
wind-power,fr,Turbine Éolienne
wind-power,it,Energia Eolica
wind-power,de,Windkraft
wind-power,es,Energía Eólica
wind-power,ko,풍력발전
wind-power,zh-simp,风力发电
wind-power,zh-trad,風力發電
wind-rider,jp-kana,かぜのり
wind-rider,jp-kanji,かぜのり
wind-rider,en,Wind Rider
wind-rider,fr,Aéroporté
wind-rider,it,Vento Propizio
wind-rider,de,Windreiter
wind-rider,es,Surcavientos
wind-rider,ko,바람타기
wind-rider,zh-simp,乘风
wind-rider,zh-trad,乘風
wonder-guard,jp-kana,ふしぎなまもり
wonder-guard,jp-kanji,ふしぎなまもり
wonder-guard,en,Wonder Guard
wonder-guard,fr,Garde Mystik
wonder-guard,it,Magidifesa
wonder-guard,de,Wunderwache
wonder-guard,es,Superguarda
wonder-guard,ko,불가사의부적
wonder-guard,zh-simp,神奇守护
wonder-guard,zh-trad,神奇守護
wonder-skin,jp-kana,ミラクルスキン
wonder-skin,jp-kanji,ミラクルスキン
wonder-skin,en,Wonder Skin
wonder-skin,fr,Peau Miracle
wonder-skin,it,Splendicute
wonder-skin,de,Wunderhaut
wonder-skin,es,Piel Milagro
wonder-skin,ko,미라클스킨
wonder-skin,zh-simp,奇迹皮肤
wonder-skin,zh-trad,奇跡皮膚
zen-mode,jp-kana,ダルマモード
zen-mode,jp-kanji,ダルマモード
zen-mode,en,Zen Mode
zen-mode,fr,Mode Transe
zen-mode,it,Stato Zen
zen-mode,de,Trance-Modus
zen-mode,es,Modo Daruma
zen-mode,ko,달마모드
zen-mode,zh-simp,达摩模式
zen-mode,zh-trad,達摩模式
zero-to-hero,jp-kana,マイティチェンジ
zero-to-hero,jp-kanji,マイティチェンジ
zero-to-hero,en,Zero to Hero
zero-to-hero,fr,Supermutation
zero-to-hero,it,Supercambio
zero-to-hero,de,Superwechsel
zero-to-hero,es,Cambio Heroico
zero-to-hero,ko,마이티체인지
zero-to-hero,zh-simp,全能变身
zero-to-hero,zh-trad,全能變身
