game_group_identifier,nature_identifier,language_identifier,name
rs,hardy,jp-kana,がんばりや
rs,hardy,en,HARDY
rs,hardy,fr,HARDI
rs,hardy,it,ARDITA
rs,hardy,de,ROBUST
rs,hardy,es,FUERTE
rs,lonely,jp-kana,さみしがり
rs,lonely,en,LONELY
rs,lonely,fr,SOLO
rs,lonely,it,SCHIVA
rs,lonely,de,SOLO
rs,lonely,es,HURAÑA
rs,brave,jp-kana,ゆうかん
rs,brave,en,BRAVE
rs,brave,fr,BRAVE
rs,brave,it,AUDACE
rs,brave,de,MUTIG
rs,brave,es,AUDAZ
rs,adamant,jp-kana,いじっぱり
rs,adamant,en,ADAMANT
rs,adamant,fr,RIGIDE
rs,adamant,it,DECISA
rs,adamant,de,HART
rs,adamant,es,FIRME
rs,naughty,jp-kana,やんちゃ
rs,naughty,en,NAUGHTY
rs,naughty,fr,MAUVAIS
rs,naughty,it,BIRBONA
rs,naughty,de,FRECH
rs,naughty,es,PÍCARA
rs,bold,jp-kana,ずぶとい
rs,bold,en,BOLD
rs,bold,fr,ASSURE
rs,bold,it,SICURA
rs,bold,de,KÜHN
rs,bold,es,OSADA
rs,docile,jp-kana,すなお
rs,docile,en,DOCILE
rs,docile,fr,DOCILE
rs,docile,it,DOCILE
rs,docile,de,SANFT
rs,docile,es,DÓCIL
rs,relaxed,jp-kana,のんき
rs,relaxed,en,RELAXED
rs,relaxed,fr,RELAX
rs,relaxed,it,PLACIDA
rs,relaxed,de,LOCKER
rs,relaxed,es,PLÁCIDA
rs,impish,jp-kana,わんぱく
rs,impish,en,IMPISH
rs,impish,fr,MALIN
rs,impish,it,SCALTRA
rs,impish,de,PFIFFIG
rs,impish,es,AGITADA
rs,lax,jp-kana,のうてんき
rs,lax,en,LAX
rs,lax,fr,LACHE
rs,lax,it,FIACCA
rs,lax,de,LASCH
rs,lax,es,FLOJA
rs,timid,jp-kana,おくびょう
rs,timid,en,TIMID
rs,timid,fr,TIMIDE
rs,timid,it,TIMIDA
rs,timid,de,SCHEU
rs,timid,es,MIEDOSA
rs,hasty,jp-kana,せっかち
rs,hasty,en,HASTY
rs,hasty,fr,PRESSE
rs,hasty,it,LESTA
rs,hasty,de,HASTIG
rs,hasty,es,ACTIVA
rs,serious,jp-kana,まじめ
rs,serious,en,SERIOUS
rs,serious,fr,SERIEUX
rs,serious,it,SERIA
rs,serious,de,ERNST
rs,serious,es,SERIA
rs,jolly,jp-kana,ようき
rs,jolly,en,JOLLY
rs,jolly,fr,JOVIAL
rs,jolly,it,ALLEGRA
rs,jolly,de,FROH
rs,jolly,es,ALEGRE
rs,naive,jp-kana,むじゃき
rs,naive,en,NAIVE
rs,naive,fr,NAIF
rs,naive,it,INGENUA
rs,naive,de,NAIV
rs,naive,es,INGENUA
rs,modest,jp-kana,ひかえめ
rs,modest,en,MODEST
rs,modest,fr,MODESTE
rs,modest,it,MODESTA
rs,modest,de,MÄSSIG
rs,modest,es,MODESTA
rs,mild,jp-kana,おっとり
rs,mild,en,MILD
rs,mild,fr,DOUX
rs,mild,it,MITE
rs,mild,de,MILD
rs,mild,es,AFABLE
rs,quiet,jp-kana,れいせい
rs,quiet,en,QUIET
rs,quiet,fr,DISCRET
rs,quiet,it,QUIETA
rs,quiet,de,RUHIG
rs,quiet,es,MANSA
rs,bashful,jp-kana,てれや
rs,bashful,en,BASHFUL
rs,bashful,fr,PUDIQUE
rs,bashful,it,RITROSA
rs,bashful,de,ZAGHAFT
rs,bashful,es,TÍMIDA
rs,rash,jp-kana,うっかりや
rs,rash,en,RASH
rs,rash,fr,FOUFOU
rs,rash,it,ARDENTE
rs,rash,de,HITZIG
rs,rash,es,ALOCADA
rs,calm,jp-kana,おだやか
rs,calm,en,CALM
rs,calm,fr,CALME
rs,calm,it,CALMA
rs,calm,de,STILL
rs,calm,es,SERENA
rs,gentle,jp-kana,おとなしい
rs,gentle,en,GENTLE
rs,gentle,fr,GENTIL
rs,gentle,it,GENTILE
rs,gentle,de,ZART
rs,gentle,es,AMABLE
rs,sassy,jp-kana,なまいき
rs,sassy,en,SASSY
rs,sassy,fr,MALPOLI
rs,sassy,it,VIVACE
rs,sassy,de,FORSCH
rs,sassy,es,GROSERA
rs,careful,jp-kana,しんちょう
rs,careful,en,CAREFUL
rs,careful,fr,PRUDENT
rs,careful,it,CAUTA
rs,careful,de,SACHT
rs,careful,es,CAUTA
rs,quirky,jp-kana,きまぐれ
rs,quirky,en,QUIRKY
rs,quirky,fr,BIZARRE
rs,quirky,it,FURBA
rs,quirky,de,KAUZIG
rs,quirky,es,RARA
frlg,hardy,jp-kana,がんばりや
frlg,hardy,en,HARDY
frlg,hardy,fr,HARDI
frlg,hardy,it,ARDITA
frlg,hardy,de,ROBUST
frlg,hardy,es,FUERTE
frlg,lonely,jp-kana,さみしがり
frlg,lonely,en,LONELY
frlg,lonely,fr,SOLO
frlg,lonely,it,SCHIVA
frlg,lonely,de,SOLO
frlg,lonely,es,HURAÑA
frlg,brave,jp-kana,ゆうかん
frlg,brave,en,BRAVE
frlg,brave,fr,BRAVE
frlg,brave,it,AUDACE
frlg,brave,de,MUTIG
frlg,brave,es,AUDAZ
frlg,adamant,jp-kana,いじっぱり
frlg,adamant,en,ADAMANT
frlg,adamant,fr,RIGIDE
frlg,adamant,it,DECISA
frlg,adamant,de,HART
frlg,adamant,es,FIRME
frlg,naughty,jp-kana,やんちゃ
frlg,naughty,en,NAUGHTY
frlg,naughty,fr,MAUVAIS
frlg,naughty,it,BIRBONA
frlg,naughty,de,FRECH
frlg,naughty,es,PÍCARA
frlg,bold,jp-kana,ずぶとい
frlg,bold,en,BOLD
frlg,bold,fr,ASSURE
frlg,bold,it,SICURA
frlg,bold,de,KÜHN
frlg,bold,es,OSADA
frlg,docile,jp-kana,すなお
frlg,docile,en,DOCILE
frlg,docile,fr,DOCILE
frlg,docile,it,DOCILE
frlg,docile,de,SANFT
frlg,docile,es,DÓCIL
frlg,relaxed,jp-kana,のんき
frlg,relaxed,en,RELAXED
frlg,relaxed,fr,RELAX
frlg,relaxed,it,PLACIDA
frlg,relaxed,de,LOCKER
frlg,relaxed,es,PLÁCIDA
frlg,impish,jp-kana,わんぱく
frlg,impish,en,IMPISH
frlg,impish,fr,MALIN
frlg,impish,it,SCALTRA
frlg,impish,de,PFIFFIG
frlg,impish,es,AGITADA
frlg,lax,jp-kana,のうてんき
frlg,lax,en,LAX
frlg,lax,fr,LACHE
frlg,lax,it,FIACCA
frlg,lax,de,LASCH
frlg,lax,es,FLOJA
frlg,timid,jp-kana,おくびょう
frlg,timid,en,TIMID
frlg,timid,fr,TIMIDE
frlg,timid,it,TIMIDA
frlg,timid,de,SCHEU
frlg,timid,es,MIEDOSA
frlg,hasty,jp-kana,せっかち
frlg,hasty,en,HASTY
frlg,hasty,fr,PRESSE
frlg,hasty,it,LESTA
frlg,hasty,de,HASTIG
frlg,hasty,es,ACTIVA
frlg,serious,jp-kana,まじめ
frlg,serious,en,SERIOUS
frlg,serious,fr,SERIEUX
frlg,serious,it,SERIA
frlg,serious,de,ERNST
frlg,serious,es,SERIA
frlg,jolly,jp-kana,ようき
frlg,jolly,en,JOLLY
frlg,jolly,fr,JOVIAL
frlg,jolly,it,ALLEGRA
frlg,jolly,de,FROH
frlg,jolly,es,ALEGRE
frlg,naive,jp-kana,むじゃき
frlg,naive,en,NAIVE
frlg,naive,fr,NAIF
frlg,naive,it,INGENUA
frlg,naive,de,NAIV
frlg,naive,es,INGENUA
frlg,modest,jp-kana,ひかえめ
frlg,modest,en,MODEST
frlg,modest,fr,MODESTE
frlg,modest,it,MODESTA
frlg,modest,de,MÄSSIG
frlg,modest,es,MODESTA
frlg,mild,jp-kana,おっとり
frlg,mild,en,MILD
frlg,mild,fr,DOUX
frlg,mild,it,MITE
frlg,mild,de,MILD
frlg,mild,es,AFABLE
frlg,quiet,jp-kana,れいせい
frlg,quiet,en,QUIET
frlg,quiet,fr,DISCRET
frlg,quiet,it,QUIETA
frlg,quiet,de,RUHIG
frlg,quiet,es,MANSA
frlg,bashful,jp-kana,てれや
frlg,bashful,en,BASHFUL
frlg,bashful,fr,PUDIQUE
frlg,bashful,it,RITROSA
frlg,bashful,de,ZAGHAFT
frlg,bashful,es,TÍMIDA
frlg,rash,jp-kana,うっかりや
frlg,rash,en,RASH
frlg,rash,fr,FOUFOU
frlg,rash,it,ARDENTE
frlg,rash,de,HITZIG
frlg,rash,es,ALOCADA
frlg,calm,jp-kana,おだやか
frlg,calm,en,CALM
frlg,calm,fr,CALME
frlg,calm,it,CALMA
frlg,calm,de,STILL
frlg,calm,es,SERENA
frlg,gentle,jp-kana,おとなしい
frlg,gentle,en,GENTLE
frlg,gentle,fr,GENTIL
frlg,gentle,it,GENTILE
frlg,gentle,de,ZART
frlg,gentle,es,AMABLE
frlg,sassy,jp-kana,なまいき
frlg,sassy,en,SASSY
frlg,sassy,fr,MALPOLI
frlg,sassy,it,VIVACE
frlg,sassy,de,FORSCH
frlg,sassy,es,GROSERA
frlg,careful,jp-kana,しんちょう
frlg,careful,en,CAREFUL
frlg,careful,fr,PRUDENT
frlg,careful,it,CAUTA
frlg,careful,de,SACHT
frlg,careful,es,CAUTA
frlg,quirky,jp-kana,きまぐれ
frlg,quirky,en,QUIRKY
frlg,quirky,fr,BIZARRE
frlg,quirky,it,FURBA
frlg,quirky,de,KAUZIG
frlg,quirky,es,RARA
e,hardy,jp-kana,がんばりや
e,hardy,en,HARDY
e,hardy,fr,HARDI
e,hardy,it,ARDITA
e,hardy,de,ROBUST
e,hardy,es,FUERTE
e,lonely,jp-kana,さみしがり
e,lonely,en,LONELY
e,lonely,fr,SOLO
e,lonely,it,SCHIVA
e,lonely,de,SOLO
e,lonely,es,HURAÑA
e,brave,jp-kana,ゆうかん
e,brave,en,BRAVE
e,brave,fr,BRAVE
e,brave,it,AUDACE
e,brave,de,MUTIG
e,brave,es,AUDAZ
e,adamant,jp-kana,いじっぱり
e,adamant,en,ADAMANT
e,adamant,fr,RIGIDE
e,adamant,it,DECISA
e,adamant,de,HART
e,adamant,es,FIRME
e,naughty,jp-kana,やんちゃ
e,naughty,en,NAUGHTY
e,naughty,fr,MAUVAIS
e,naughty,it,BIRBONA
e,naughty,de,FRECH
e,naughty,es,PÍCARA
e,bold,jp-kana,ずぶとい
e,bold,en,BOLD
e,bold,fr,ASSURE
e,bold,it,SICURA
e,bold,de,KÜHN
e,bold,es,OSADA
e,docile,jp-kana,すなお
e,docile,en,DOCILE
e,docile,fr,DOCILE
e,docile,it,DOCILE
e,docile,de,SANFT
e,docile,es,DÓCIL
e,relaxed,jp-kana,のんき
e,relaxed,en,RELAXED
e,relaxed,fr,RELAX
e,relaxed,it,PLACIDA
e,relaxed,de,LOCKER
e,relaxed,es,PLÁCIDA
e,impish,jp-kana,わんぱく
e,impish,en,IMPISH
e,impish,fr,MALIN
e,impish,it,SCALTRA
e,impish,de,PFIFFIG
e,impish,es,AGITADA
e,lax,jp-kana,のうてんき
e,lax,en,LAX
e,lax,fr,LACHE
e,lax,it,FIACCA
e,lax,de,LASCH
e,lax,es,FLOJA
e,timid,jp-kana,おくびょう
e,timid,en,TIMID
e,timid,fr,TIMIDE
e,timid,it,TIMIDA
e,timid,de,SCHEU
e,timid,es,MIEDOSA
e,hasty,jp-kana,せっかち
e,hasty,en,HASTY
e,hasty,fr,PRESSE
e,hasty,it,LESTA
e,hasty,de,HASTIG
e,hasty,es,ACTIVA
e,serious,jp-kana,まじめ
e,serious,en,SERIOUS
e,serious,fr,SERIEUX
e,serious,it,SERIA
e,serious,de,ERNST
e,serious,es,SERIA
e,jolly,jp-kana,ようき
e,jolly,en,JOLLY
e,jolly,fr,JOVIAL
e,jolly,it,ALLEGRA
e,jolly,de,FROH
e,jolly,es,ALEGRE
e,naive,jp-kana,むじゃき
e,naive,en,NAIVE
e,naive,fr,NAIF
e,naive,it,INGENUA
e,naive,de,NAIV
e,naive,es,INGENUA
e,modest,jp-kana,ひかえめ
e,modest,en,MODEST
e,modest,fr,MODESTE
e,modest,it,MODESTA
e,modest,de,MÄSSIG
e,modest,es,MODESTA
e,mild,jp-kana,おっとり
e,mild,en,MILD
e,mild,fr,DOUX
e,mild,it,MITE
e,mild,de,MILD
e,mild,es,AFABLE
e,quiet,jp-kana,れいせい
e,quiet,en,QUIET
e,quiet,fr,DISCRET
e,quiet,it,QUIETA
e,quiet,de,RUHIG
e,quiet,es,MANSA
e,bashful,jp-kana,てれや
e,bashful,en,BASHFUL
e,bashful,fr,PUDIQUE
e,bashful,it,RITROSA
e,bashful,de,ZAGHAFT
e,bashful,es,TÍMIDA
e,rash,jp-kana,うっかりや
e,rash,en,RASH
e,rash,fr,FOUFOU
e,rash,it,ARDENTE
e,rash,de,HITZIG
e,rash,es,ALOCADA
e,calm,jp-kana,おだやか
e,calm,en,CALM
e,calm,fr,CALME
e,calm,it,CALMA
e,calm,de,STILL
e,calm,es,SERENA
e,gentle,jp-kana,おとなしい
e,gentle,en,GENTLE
e,gentle,fr,GENTIL
e,gentle,it,GENTILE
e,gentle,de,ZART
e,gentle,es,AMABLE
e,sassy,jp-kana,なまいき
e,sassy,en,SASSY
e,sassy,fr,MALPOLI
e,sassy,it,VIVACE
e,sassy,de,FORSCH
e,sassy,es,GROSERA
e,careful,jp-kana,しんちょう
e,careful,en,CAREFUL
e,careful,fr,PRUDENT
e,careful,it,CAUTA
e,careful,de,SACHT
e,careful,es,CAUTA
e,quirky,jp-kana,きまぐれ
e,quirky,en,QUIRKY
e,quirky,fr,BIZARRE
e,quirky,it,FURBA
e,quirky,de,KAUZIG
e,quirky,es,RARA
dp,hardy,jp-kana,がんばりや
dp,hardy,en,Hardy
dp,hardy,fr,Hardi
dp,hardy,it,N. Ardita
dp,hardy,de,Robust
dp,hardy,es,Fuerte
dp,hardy,ko,노력
dp,lonely,jp-kana,さみしがり
dp,lonely,en,Lonely
dp,lonely,fr,Solo
dp,lonely,it,N. Schiva
dp,lonely,de,Solo
dp,lonely,es,Huraña
dp,lonely,ko,외로움
dp,brave,jp-kana,ゆうかん
dp,brave,en,Brave
dp,brave,fr,Brave
dp,brave,it,N. Audace
dp,brave,de,Mutig
dp,brave,es,Audaz
dp,brave,ko,용감
dp,adamant,jp-kana,いじっぱり
dp,adamant,en,Adamant
dp,adamant,fr,Rigide
dp,adamant,it,N. Decisa
dp,adamant,de,Hart
dp,adamant,es,Firme
dp,adamant,ko,고집
dp,naughty,jp-kana,やんちゃ
dp,naughty,en,Naughty
dp,naughty,fr,Mauvais
dp,naughty,it,N. Birbona
dp,naughty,de,Frech
dp,naughty,es,Pícara
dp,naughty,ko,개구쟁이
dp,bold,jp-kana,ずぶとい
dp,bold,en,Bold
dp,bold,fr,Assuré
dp,bold,it,N. Sicura
dp,bold,de,Kühn
dp,bold,es,Osada
dp,bold,ko,대담
dp,docile,jp-kana,すなお
dp,docile,en,Docile
dp,docile,fr,Docile
dp,docile,it,N. Docile
dp,docile,de,Sanft
dp,docile,es,Dócil
dp,docile,ko,온순
dp,relaxed,jp-kana,のんき
dp,relaxed,en,Relaxed
dp,relaxed,fr,Relax
dp,relaxed,it,N. Placida
dp,relaxed,de,Locker
dp,relaxed,es,Plácida
dp,relaxed,ko,무사태평
dp,impish,jp-kana,わんぱく
dp,impish,en,Impish
dp,impish,fr,Malin
dp,impish,it,N. Scaltra
dp,impish,de,Pfiffig
dp,impish,es,Agitada
dp,impish,ko,장난꾸러기
dp,lax,jp-kana,のうてんき
dp,lax,en,Lax
dp,lax,fr,Lâche
dp,lax,it,N. Fiacca
dp,lax,de,Lasch
dp,lax,es,Floja
dp,lax,ko,촐랑
dp,timid,jp-kana,おくびょう
dp,timid,en,Timid
dp,timid,fr,Timide
dp,timid,it,N. Timida
dp,timid,de,Scheu
dp,timid,es,Miedosa
dp,timid,ko,겁쟁이
dp,hasty,jp-kana,せっかち
dp,hasty,en,Hasty
dp,hasty,fr,Pressé
dp,hasty,it,N. Lesta
dp,hasty,de,Hastig
dp,hasty,es,Activa
dp,hasty,ko,성급
dp,serious,jp-kana,まじめ
dp,serious,en,Serious
dp,serious,fr,Sérieux
dp,serious,it,N. Seria
dp,serious,de,Ernst
dp,serious,es,Seria
dp,serious,ko,성실
dp,jolly,jp-kana,ようき
dp,jolly,en,Jolly
dp,jolly,fr,Jovial
dp,jolly,it,N. Allegra
dp,jolly,de,Froh
dp,jolly,es,Alegre
dp,jolly,ko,명랑
dp,naive,jp-kana,むじゃき
dp,naive,en,Naive
dp,naive,fr,Naïf
dp,naive,it,N. Ingenua
dp,naive,de,Naiv
dp,naive,es,Ingenua
dp,naive,ko,천진난만
dp,modest,jp-kana,ひかえめ
dp,modest,en,Modest
dp,modest,fr,Modeste
dp,modest,it,N. Modesta
dp,modest,de,Mäßig
dp,modest,es,Modesta
dp,modest,ko,조심
dp,mild,jp-kana,おっとり
dp,mild,en,Mild
dp,mild,fr,Doux
dp,mild,it,N. Mite
dp,mild,de,Mild
dp,mild,es,Afable
dp,mild,ko,의젓
dp,quiet,jp-kana,れいせい
dp,quiet,en,Quiet
dp,quiet,fr,Discret
dp,quiet,it,N. Quieta
dp,quiet,de,Ruhig
dp,quiet,es,Mansa
dp,quiet,ko,냉정
dp,bashful,jp-kana,てれや
dp,bashful,en,Bashful
dp,bashful,fr,Pudique
dp,bashful,it,N. Ritrosa
dp,bashful,de,Zaghaft
dp,bashful,es,Tímida
dp,bashful,ko,수줍음
dp,rash,jp-kana,うっかりや
dp,rash,en,Rash
dp,rash,fr,Foufou
dp,rash,it,N. Ardente
dp,rash,de,Hitzig
dp,rash,es,Alocada
dp,rash,ko,덜렁
dp,calm,jp-kana,おだやか
dp,calm,en,Calm
dp,calm,fr,Calme
dp,calm,it,N. Calma
dp,calm,de,Still
dp,calm,es,Serena
dp,calm,ko,차분
dp,gentle,jp-kana,おとなしい
dp,gentle,en,Gentle
dp,gentle,fr,Gentil
dp,gentle,it,N. Gentile
dp,gentle,de,Zart
dp,gentle,es,Amable
dp,gentle,ko,얌전
dp,sassy,jp-kana,なまいき
dp,sassy,en,Sassy
dp,sassy,fr,Malpoli
dp,sassy,it,N. Vivace
dp,sassy,de,Forsch
dp,sassy,es,Grosera
dp,sassy,ko,건방
dp,careful,jp-kana,しんちょう
dp,careful,en,Careful
dp,careful,fr,Prudent
dp,careful,it,N. Cauta
dp,careful,de,Sacht
dp,careful,es,Cauta
dp,careful,ko,신중
dp,quirky,jp-kana,きまぐれ
dp,quirky,en,Quirky
dp,quirky,fr,Bizarre
dp,quirky,it,N. Furba
dp,quirky,de,Kauzig
dp,quirky,es,Rara
dp,quirky,ko,변덕
p,hardy,jp-kana,がんばりや
p,hardy,en,Hardy
p,hardy,fr,Hardi
p,hardy,it,Ardita
p,hardy,de,Robust
p,hardy,es,fuerte
p,hardy,ko,노력
p,lonely,jp-kana,さみしがり
p,lonely,en,Lonely
p,lonely,fr,Solo
p,lonely,it,Schiva
p,lonely,de,Solo
p,lonely,es,huraña
p,lonely,ko,외로움
p,brave,jp-kana,ゆうかん
p,brave,en,Brave
p,brave,fr,Brave
p,brave,it,Audace
p,brave,de,Mutig
p,brave,es,audaz
p,brave,ko,용감
p,adamant,jp-kana,いじっぱり
p,adamant,en,Adamant
p,adamant,fr,Rigide
p,adamant,it,Decisa
p,adamant,de,Hart
p,adamant,es,firme
p,adamant,ko,고집
p,naughty,jp-kana,やんちゃ
p,naughty,en,Naughty
p,naughty,fr,Mauvais
p,naughty,it,Birbona
p,naughty,de,Frech
p,naughty,es,pícara
p,naughty,ko,개구쟁이
p,bold,jp-kana,ずぶとい
p,bold,en,Bold
p,bold,fr,Assuré
p,bold,it,Sicura
p,bold,de,Kühn
p,bold,es,osada
p,bold,ko,대담
p,docile,jp-kana,すなお
p,docile,en,Docile
p,docile,fr,Docile
p,docile,it,Docile
p,docile,de,Sanft
p,docile,es,dócil
p,docile,ko,온순
p,relaxed,jp-kana,のんき
p,relaxed,en,Relaxed
p,relaxed,fr,Relax
p,relaxed,it,Placida
p,relaxed,de,Locker
p,relaxed,es,plácida
p,relaxed,ko,무사태평
p,impish,jp-kana,わんぱく
p,impish,en,Impish
p,impish,fr,Malin
p,impish,it,Scaltra
p,impish,de,Pfiffig
p,impish,es,agitada
p,impish,ko,장난꾸러기
p,lax,jp-kana,のうてんき
p,lax,en,Lax
p,lax,fr,Lâche
p,lax,it,Fiacca
p,lax,de,Lasch
p,lax,es,floja
p,lax,ko,촐랑
p,timid,jp-kana,おくびょう
p,timid,en,Timid
p,timid,fr,Timide
p,timid,it,Timida
p,timid,de,Scheu
p,timid,es,miedosa
p,timid,ko,겁쟁이
p,hasty,jp-kana,せっかち
p,hasty,en,Hasty
p,hasty,fr,Pressé
p,hasty,it,Lesta
p,hasty,de,Hastig
p,hasty,es,activa
p,hasty,ko,성급
p,serious,jp-kana,まじめ
p,serious,en,Serious
p,serious,fr,Sérieux
p,serious,it,Seria
p,serious,de,Ernst
p,serious,es,seria
p,serious,ko,성실
p,jolly,jp-kana,ようき
p,jolly,en,Jolly
p,jolly,fr,Jovial
p,jolly,it,Allegra
p,jolly,de,Froh
p,jolly,es,alegre
p,jolly,ko,명랑
p,naive,jp-kana,むじゃき
p,naive,en,Naive
p,naive,fr,Naïf
p,naive,it,Ingenua
p,naive,de,Naiv
p,naive,es,ingenua
p,naive,ko,천진난만
p,modest,jp-kana,ひかえめ
p,modest,en,Modest
p,modest,fr,Modeste
p,modest,it,Modesta
p,modest,de,Mäßig
p,modest,es,modesta
p,modest,ko,조심
p,mild,jp-kana,おっとり
p,mild,en,Mild
p,mild,fr,Doux
p,mild,it,Mite
p,mild,de,Mild
p,mild,es,afable
p,mild,ko,의젓
p,quiet,jp-kana,れいせい
p,quiet,en,Quiet
p,quiet,fr,Discret
p,quiet,it,Quieta
p,quiet,de,Ruhig
p,quiet,es,mansa
p,quiet,ko,냉정
p,bashful,jp-kana,てれや
p,bashful,en,Bashful
p,bashful,fr,Pudique
p,bashful,it,Ritrosa
p,bashful,de,Zaghaft
p,bashful,es,tímida
p,bashful,ko,수줍음
p,rash,jp-kana,うっかりや
p,rash,en,Rash
p,rash,fr,Foufou
p,rash,it,Ardente
p,rash,de,Hitzig
p,rash,es,alocada
p,rash,ko,덜렁
p,calm,jp-kana,おだやか
p,calm,en,Calm
p,calm,fr,Calme
p,calm,it,Calma
p,calm,de,Still
p,calm,es,serena
p,calm,ko,차분
p,gentle,jp-kana,おとなしい
p,gentle,en,Gentle
p,gentle,fr,Gentil
p,gentle,it,Gentile
p,gentle,de,Zart
p,gentle,es,amable
p,gentle,ko,얌전
p,sassy,jp-kana,なまいき
p,sassy,en,Sassy
p,sassy,fr,Malpoli
p,sassy,it,Vivace
p,sassy,de,Forsch
p,sassy,es,grosera
p,sassy,ko,건방
p,careful,jp-kana,しんちょう
p,careful,en,Careful
p,careful,fr,Prudent
p,careful,it,Cauta
p,careful,de,Sacht
p,careful,es,cauta
p,careful,ko,신중
p,quirky,jp-kana,きまぐれ
p,quirky,en,Quirky
p,quirky,fr,Bizarre
p,quirky,it,Furba
p,quirky,de,Kauzig
p,quirky,es,rara
p,quirky,ko,변덕
hgss,hardy,jp-kana,がんばりや
hgss,hardy,en,Hardy
hgss,hardy,fr,Hardi
hgss,hardy,it,Ardita
hgss,hardy,de,Robust
hgss,hardy,es,fuerte
hgss,hardy,ko,노력
hgss,lonely,jp-kana,さみしがり
hgss,lonely,en,Lonely
hgss,lonely,fr,Solo
hgss,lonely,it,Schiva
hgss,lonely,de,Solo
hgss,lonely,es,huraña
hgss,lonely,ko,외로움
hgss,brave,jp-kana,ゆうかん
hgss,brave,en,Brave
hgss,brave,fr,Brave
hgss,brave,it,Audace
hgss,brave,de,Mutig
hgss,brave,es,audaz
hgss,brave,ko,용감
hgss,adamant,jp-kana,いじっぱり
hgss,adamant,en,Adamant
hgss,adamant,fr,Rigide
hgss,adamant,it,Decisa
hgss,adamant,de,Hart
hgss,adamant,es,firme
hgss,adamant,ko,고집
hgss,naughty,jp-kana,やんちゃ
hgss,naughty,en,Naughty
hgss,naughty,fr,Mauvais
hgss,naughty,it,Birbona
hgss,naughty,de,Frech
hgss,naughty,es,pícara
hgss,naughty,ko,개구쟁이
hgss,bold,jp-kana,ずぶとい
hgss,bold,en,Bold
hgss,bold,fr,Assuré
hgss,bold,it,Sicura
hgss,bold,de,Kühn
hgss,bold,es,osada
hgss,bold,ko,대담
hgss,docile,jp-kana,すなお
hgss,docile,en,Docile
hgss,docile,fr,Docile
hgss,docile,it,Docile
hgss,docile,de,Sanft
hgss,docile,es,dócil
hgss,docile,ko,온순
hgss,relaxed,jp-kana,のんき
hgss,relaxed,en,Relaxed
hgss,relaxed,fr,Relax
hgss,relaxed,it,Placida
hgss,relaxed,de,Locker
hgss,relaxed,es,plácida
hgss,relaxed,ko,무사태평
hgss,impish,jp-kana,わんぱく
hgss,impish,en,Impish
hgss,impish,fr,Malin
hgss,impish,it,Scaltra
hgss,impish,de,Pfiffig
hgss,impish,es,agitada
hgss,impish,ko,장난꾸러기
hgss,lax,jp-kana,のうてんき
hgss,lax,en,Lax
hgss,lax,fr,Lâche
hgss,lax,it,Fiacca
hgss,lax,de,Lasch
hgss,lax,es,floja
hgss,lax,ko,촐랑
hgss,timid,jp-kana,おくびょう
hgss,timid,en,Timid
hgss,timid,fr,Timide
hgss,timid,it,Timida
hgss,timid,de,Scheu
hgss,timid,es,miedosa
hgss,timid,ko,겁쟁이
hgss,hasty,jp-kana,せっかち
hgss,hasty,en,Hasty
hgss,hasty,fr,Pressé
hgss,hasty,it,Lesta
hgss,hasty,de,Hastig
hgss,hasty,es,activa
hgss,hasty,ko,성급
hgss,serious,jp-kana,まじめ
hgss,serious,en,Serious
hgss,serious,fr,Sérieux
hgss,serious,it,Seria
hgss,serious,de,Ernst
hgss,serious,es,seria
hgss,serious,ko,성실
hgss,jolly,jp-kana,ようき
hgss,jolly,en,Jolly
hgss,jolly,fr,Jovial
hgss,jolly,it,Allegra
hgss,jolly,de,Froh
hgss,jolly,es,alegre
hgss,jolly,ko,명랑
hgss,naive,jp-kana,むじゃき
hgss,naive,en,Naive
hgss,naive,fr,Naïf
hgss,naive,it,Ingenua
hgss,naive,de,Naiv
hgss,naive,es,ingenua
hgss,naive,ko,천진난만
hgss,modest,jp-kana,ひかえめ
hgss,modest,en,Modest
hgss,modest,fr,Modeste
hgss,modest,it,Modesta
hgss,modest,de,Mäßig
hgss,modest,es,modesta
hgss,modest,ko,조심
hgss,mild,jp-kana,おっとり
hgss,mild,en,Mild
hgss,mild,fr,Doux
hgss,mild,it,Mite
hgss,mild,de,Mild
hgss,mild,es,afable
hgss,mild,ko,의젓
hgss,quiet,jp-kana,れいせい
hgss,quiet,en,Quiet
hgss,quiet,fr,Discret
hgss,quiet,it,Quieta
hgss,quiet,de,Ruhig
hgss,quiet,es,mansa
hgss,quiet,ko,냉정
hgss,bashful,jp-kana,てれや
hgss,bashful,en,Bashful
hgss,bashful,fr,Pudique
hgss,bashful,it,Ritrosa
hgss,bashful,de,Zaghaft
hgss,bashful,es,tímida
hgss,bashful,ko,수줍음
hgss,rash,jp-kana,うっかりや
hgss,rash,en,Rash
hgss,rash,fr,Foufou
hgss,rash,it,Ardente
hgss,rash,de,Hitzig
hgss,rash,es,alocada
hgss,rash,ko,덜렁
hgss,calm,jp-kana,おだやか
hgss,calm,en,Calm
hgss,calm,fr,Calme
hgss,calm,it,Calma
hgss,calm,de,Still
hgss,calm,es,serena
hgss,calm,ko,차분
hgss,gentle,jp-kana,おとなしい
hgss,gentle,en,Gentle
hgss,gentle,fr,Gentil
hgss,gentle,it,Gentile
hgss,gentle,de,Zart
hgss,gentle,es,amable
hgss,gentle,ko,얌전
hgss,sassy,jp-kana,なまいき
hgss,sassy,en,Sassy
hgss,sassy,fr,Malpoli
hgss,sassy,it,Vivace
hgss,sassy,de,Forsch
hgss,sassy,es,grosera
hgss,sassy,ko,건방
hgss,careful,jp-kana,しんちょう
hgss,careful,en,Careful
hgss,careful,fr,Prudent
hgss,careful,it,Cauta
hgss,careful,de,Sacht
hgss,careful,es,cauta
hgss,careful,ko,신중
hgss,quirky,jp-kana,きまぐれ
hgss,quirky,en,Quirky
hgss,quirky,fr,Bizarre
hgss,quirky,it,Furba
hgss,quirky,de,Kauzig
hgss,quirky,es,rara
hgss,quirky,ko,변덕
bw,hardy,jp-kana,がんばりや
bw,hardy,jp-kanji,がんばりや
bw,hardy,en,Hardy
bw,hardy,fr,Hardi
bw,hardy,it,Ardita
bw,hardy,de,Robust
bw,hardy,es,fuerte
bw,hardy,ko,노력
bw,lonely,jp-kana,さみしがり
bw,lonely,jp-kanji,さみしがり
bw,lonely,en,Lonely
bw,lonely,fr,Solo
bw,lonely,it,Schiva
bw,lonely,de,Solo
bw,lonely,es,huraña
bw,lonely,ko,외로움
bw,brave,jp-kana,ゆうかん
bw,brave,jp-kanji,ゆうかん
bw,brave,en,Brave
bw,brave,fr,Brave
bw,brave,it,Audace
bw,brave,de,Mutig
bw,brave,es,audaz
bw,brave,ko,용감
bw,adamant,jp-kana,いじっぱり
bw,adamant,jp-kanji,いじっぱり
bw,adamant,en,Adamant
bw,adamant,fr,Rigide
bw,adamant,it,Decisa
bw,adamant,de,Hart
bw,adamant,es,firme
bw,adamant,ko,고집
bw,naughty,jp-kana,やんちゃ
bw,naughty,jp-kanji,やんちゃ
bw,naughty,en,Naughty
bw,naughty,fr,Mauvais
bw,naughty,it,Birbona
bw,naughty,de,Frech
bw,naughty,es,pícara
bw,naughty,ko,개구쟁이
bw,bold,jp-kana,ずぶとい
bw,bold,jp-kanji,ずぶとい
bw,bold,en,Bold
bw,bold,fr,Assuré
bw,bold,it,Sicura
bw,bold,de,Kühn
bw,bold,es,osada
bw,bold,ko,대담
bw,docile,jp-kana,すなお
bw,docile,jp-kanji,すなお
bw,docile,en,Docile
bw,docile,fr,Docile
bw,docile,it,Docile
bw,docile,de,Sanft
bw,docile,es,dócil
bw,docile,ko,온순
bw,relaxed,jp-kana,のんき
bw,relaxed,jp-kanji,のんき
bw,relaxed,en,Relaxed
bw,relaxed,fr,Relax
bw,relaxed,it,Placida
bw,relaxed,de,Locker
bw,relaxed,es,plácida
bw,relaxed,ko,무사태평
bw,impish,jp-kana,わんぱく
bw,impish,jp-kanji,わんぱく
bw,impish,en,Impish
bw,impish,fr,Malin
bw,impish,it,Scaltra
bw,impish,de,Pfiffig
bw,impish,es,agitada
bw,impish,ko,장난꾸러기
bw,lax,jp-kana,のうてんき
bw,lax,jp-kanji,のうてんき
bw,lax,en,Lax
bw,lax,fr,Lâche
bw,lax,it,Fiacca
bw,lax,de,Lasch
bw,lax,es,floja
bw,lax,ko,촐랑
bw,timid,jp-kana,おくびょう
bw,timid,jp-kanji,おくびょう
bw,timid,en,Timid
bw,timid,fr,Timide
bw,timid,it,Timida
bw,timid,de,Scheu
bw,timid,es,miedosa
bw,timid,ko,겁쟁이
bw,hasty,jp-kana,せっかち
bw,hasty,jp-kanji,せっかち
bw,hasty,en,Hasty
bw,hasty,fr,Pressé
bw,hasty,it,Lesta
bw,hasty,de,Hastig
bw,hasty,es,activa
bw,hasty,ko,성급
bw,serious,jp-kana,まじめ
bw,serious,jp-kanji,まじめ
bw,serious,en,Serious
bw,serious,fr,Sérieux
bw,serious,it,Seria
bw,serious,de,Ernst
bw,serious,es,seria
bw,serious,ko,성실
bw,jolly,jp-kana,ようき
bw,jolly,jp-kanji,ようき
bw,jolly,en,Jolly
bw,jolly,fr,Jovial
bw,jolly,it,Allegra
bw,jolly,de,Froh
bw,jolly,es,alegre
bw,jolly,ko,명랑
bw,naive,jp-kana,むじゃき
bw,naive,jp-kanji,むじゃき
bw,naive,en,Naive
bw,naive,fr,Naïf
bw,naive,it,Ingenua
bw,naive,de,Naiv
bw,naive,es,ingenua
bw,naive,ko,천진난만
bw,modest,jp-kana,ひかえめ
bw,modest,jp-kanji,ひかえめ
bw,modest,en,Modest
bw,modest,fr,Modeste
bw,modest,it,Modesta
bw,modest,de,Mäßig
bw,modest,es,modesta
bw,modest,ko,조심
bw,mild,jp-kana,おっとり
bw,mild,jp-kanji,おっとり
bw,mild,en,Mild
bw,mild,fr,Doux
bw,mild,it,Mite
bw,mild,de,Mild
bw,mild,es,afable
bw,mild,ko,의젓
bw,quiet,jp-kana,れいせい
bw,quiet,jp-kanji,れいせい
bw,quiet,en,Quiet
bw,quiet,fr,Discret
bw,quiet,it,Quieta
bw,quiet,de,Ruhig
bw,quiet,es,mansa
bw,quiet,ko,냉정
bw,bashful,jp-kana,てれや
bw,bashful,jp-kanji,てれや
bw,bashful,en,Bashful
bw,bashful,fr,Pudique
bw,bashful,it,Ritrosa
bw,bashful,de,Zaghaft
bw,bashful,es,tímida
bw,bashful,ko,수줍음
bw,rash,jp-kana,うっかりや
bw,rash,jp-kanji,うっかりや
bw,rash,en,Rash
bw,rash,fr,Foufou
bw,rash,it,Ardente
bw,rash,de,Hitzig
bw,rash,es,alocada
bw,rash,ko,덜렁
bw,calm,jp-kana,おだやか
bw,calm,jp-kanji,おだやか
bw,calm,en,Calm
bw,calm,fr,Calme
bw,calm,it,Calma
bw,calm,de,Still
bw,calm,es,serena
bw,calm,ko,차분
bw,gentle,jp-kana,おとなしい
bw,gentle,jp-kanji,おとなしい
bw,gentle,en,Gentle
bw,gentle,fr,Gentil
bw,gentle,it,Gentile
bw,gentle,de,Zart
bw,gentle,es,amable
bw,gentle,ko,얌전
bw,sassy,jp-kana,なまいき
bw,sassy,jp-kanji,なまいき
bw,sassy,en,Sassy
bw,sassy,fr,Malpoli
bw,sassy,it,Vivace
bw,sassy,de,Forsch
bw,sassy,es,grosera
bw,sassy,ko,건방
bw,careful,jp-kana,しんちょう
bw,careful,jp-kanji,しんちょう
bw,careful,en,Careful
bw,careful,fr,Prudent
bw,careful,it,Cauta
bw,careful,de,Sacht
bw,careful,es,cauta
bw,careful,ko,신중
bw,quirky,jp-kana,きまぐれ
bw,quirky,jp-kanji,きまぐれ
bw,quirky,en,Quirky
bw,quirky,fr,Bizarre
bw,quirky,it,Furba
bw,quirky,de,Kauzig
bw,quirky,es,rara
bw,quirky,ko,변덕
b2w2,hardy,jp-kana,がんばりや
b2w2,hardy,jp-kanji,がんばりや
b2w2,hardy,en,Hardy
b2w2,hardy,fr,Hardi
b2w2,hardy,it,Ardita
b2w2,hardy,de,Robust
b2w2,hardy,es,fuerte
b2w2,hardy,ko,노력
b2w2,lonely,jp-kana,さみしがり
b2w2,lonely,jp-kanji,さみしがり
b2w2,lonely,en,Lonely
b2w2,lonely,fr,Solo
b2w2,lonely,it,Schiva
b2w2,lonely,de,Solo
b2w2,lonely,es,huraña
b2w2,lonely,ko,외로움
b2w2,brave,jp-kana,ゆうかん
b2w2,brave,jp-kanji,ゆうかん
b2w2,brave,en,Brave
b2w2,brave,fr,Brave
b2w2,brave,it,Audace
b2w2,brave,de,Mutig
b2w2,brave,es,audaz
b2w2,brave,ko,용감
b2w2,adamant,jp-kana,いじっぱり
b2w2,adamant,jp-kanji,いじっぱり
b2w2,adamant,en,Adamant
b2w2,adamant,fr,Rigide
b2w2,adamant,it,Decisa
b2w2,adamant,de,Hart
b2w2,adamant,es,firme
b2w2,adamant,ko,고집
b2w2,naughty,jp-kana,やんちゃ
b2w2,naughty,jp-kanji,やんちゃ
b2w2,naughty,en,Naughty
b2w2,naughty,fr,Mauvais
b2w2,naughty,it,Birbona
b2w2,naughty,de,Frech
b2w2,naughty,es,pícara
b2w2,naughty,ko,개구쟁이
b2w2,bold,jp-kana,ずぶとい
b2w2,bold,jp-kanji,ずぶとい
b2w2,bold,en,Bold
b2w2,bold,fr,Assuré
b2w2,bold,it,Sicura
b2w2,bold,de,Kühn
b2w2,bold,es,osada
b2w2,bold,ko,대담
b2w2,docile,jp-kana,すなお
b2w2,docile,jp-kanji,すなお
b2w2,docile,en,Docile
b2w2,docile,fr,Docile
b2w2,docile,it,Docile
b2w2,docile,de,Sanft
b2w2,docile,es,dócil
b2w2,docile,ko,온순
b2w2,relaxed,jp-kana,のんき
b2w2,relaxed,jp-kanji,のんき
b2w2,relaxed,en,Relaxed
b2w2,relaxed,fr,Relax
b2w2,relaxed,it,Placida
b2w2,relaxed,de,Locker
b2w2,relaxed,es,plácida
b2w2,relaxed,ko,무사태평
b2w2,impish,jp-kana,わんぱく
b2w2,impish,jp-kanji,わんぱく
b2w2,impish,en,Impish
b2w2,impish,fr,Malin
b2w2,impish,it,Scaltra
b2w2,impish,de,Pfiffig
b2w2,impish,es,agitada
b2w2,impish,ko,장난꾸러기
b2w2,lax,jp-kana,のうてんき
b2w2,lax,jp-kanji,のうてんき
b2w2,lax,en,Lax
b2w2,lax,fr,Lâche
b2w2,lax,it,Fiacca
b2w2,lax,de,Lasch
b2w2,lax,es,floja
b2w2,lax,ko,촐랑
b2w2,timid,jp-kana,おくびょう
b2w2,timid,jp-kanji,おくびょう
b2w2,timid,en,Timid
b2w2,timid,fr,Timide
b2w2,timid,it,Timida
b2w2,timid,de,Scheu
b2w2,timid,es,miedosa
b2w2,timid,ko,겁쟁이
b2w2,hasty,jp-kana,せっかち
b2w2,hasty,jp-kanji,せっかち
b2w2,hasty,en,Hasty
b2w2,hasty,fr,Pressé
b2w2,hasty,it,Lesta
b2w2,hasty,de,Hastig
b2w2,hasty,es,activa
b2w2,hasty,ko,성급
b2w2,serious,jp-kana,まじめ
b2w2,serious,jp-kanji,まじめ
b2w2,serious,en,Serious
b2w2,serious,fr,Sérieux
b2w2,serious,it,Seria
b2w2,serious,de,Ernst
b2w2,serious,es,seria
b2w2,serious,ko,성실
b2w2,jolly,jp-kana,ようき
b2w2,jolly,jp-kanji,ようき
b2w2,jolly,en,Jolly
b2w2,jolly,fr,Jovial
b2w2,jolly,it,Allegra
b2w2,jolly,de,Froh
b2w2,jolly,es,alegre
b2w2,jolly,ko,명랑
b2w2,naive,jp-kana,むじゃき
b2w2,naive,jp-kanji,むじゃき
b2w2,naive,en,Naive
b2w2,naive,fr,Naïf
b2w2,naive,it,Ingenua
b2w2,naive,de,Naiv
b2w2,naive,es,ingenua
b2w2,naive,ko,천진난만
b2w2,modest,jp-kana,ひかえめ
b2w2,modest,jp-kanji,ひかえめ
b2w2,modest,en,Modest
b2w2,modest,fr,Modeste
b2w2,modest,it,Modesta
b2w2,modest,de,Mäßig
b2w2,modest,es,modesta
b2w2,modest,ko,조심
b2w2,mild,jp-kana,おっとり
b2w2,mild,jp-kanji,おっとり
b2w2,mild,en,Mild
b2w2,mild,fr,Doux
b2w2,mild,it,Mite
b2w2,mild,de,Mild
b2w2,mild,es,afable
b2w2,mild,ko,의젓
b2w2,quiet,jp-kana,れいせい
b2w2,quiet,jp-kanji,れいせい
b2w2,quiet,en,Quiet
b2w2,quiet,fr,Discret
b2w2,quiet,it,Quieta
b2w2,quiet,de,Ruhig
b2w2,quiet,es,mansa
b2w2,quiet,ko,냉정
b2w2,bashful,jp-kana,てれや
b2w2,bashful,jp-kanji,てれや
b2w2,bashful,en,Bashful
b2w2,bashful,fr,Pudique
b2w2,bashful,it,Ritrosa
b2w2,bashful,de,Zaghaft
b2w2,bashful,es,tímida
b2w2,bashful,ko,수줍음
b2w2,rash,jp-kana,うっかりや
b2w2,rash,jp-kanji,うっかりや
b2w2,rash,en,Rash
b2w2,rash,fr,Foufou
b2w2,rash,it,Ardente
b2w2,rash,de,Hitzig
b2w2,rash,es,alocada
b2w2,rash,ko,덜렁
b2w2,calm,jp-kana,おだやか
b2w2,calm,jp-kanji,おだやか
b2w2,calm,en,Calm
b2w2,calm,fr,Calme
b2w2,calm,it,Calma
b2w2,calm,de,Still
b2w2,calm,es,serena
b2w2,calm,ko,차분
b2w2,gentle,jp-kana,おとなしい
b2w2,gentle,jp-kanji,おとなしい
b2w2,gentle,en,Gentle
b2w2,gentle,fr,Gentil
b2w2,gentle,it,Gentile
b2w2,gentle,de,Zart
b2w2,gentle,es,amable
b2w2,gentle,ko,얌전
b2w2,sassy,jp-kana,なまいき
b2w2,sassy,jp-kanji,なまいき
b2w2,sassy,en,Sassy
b2w2,sassy,fr,Malpoli
b2w2,sassy,it,Vivace
b2w2,sassy,de,Forsch
b2w2,sassy,es,grosera
b2w2,sassy,ko,건방
b2w2,careful,jp-kana,しんちょう
b2w2,careful,jp-kanji,しんちょう
b2w2,careful,en,Careful
b2w2,careful,fr,Prudent
b2w2,careful,it,Cauta
b2w2,careful,de,Sacht
b2w2,careful,es,cauta
b2w2,careful,ko,신중
b2w2,quirky,jp-kana,きまぐれ
b2w2,quirky,jp-kanji,きまぐれ
b2w2,quirky,en,Quirky
b2w2,quirky,fr,Bizarre
b2w2,quirky,it,Furba
b2w2,quirky,de,Kauzig
b2w2,quirky,es,rara
b2w2,quirky,ko,변덕
xy,hardy,jp-kana,がんばりや
xy,hardy,jp-kanji,がんばりや
xy,hardy,en,Hardy
xy,hardy,fr,Hardi
xy,hardy,it,Ardita
xy,hardy,de,Robust
xy,hardy,es,Fuerte
xy,hardy,ko,노력
xy,lonely,jp-kana,さみしがり
xy,lonely,jp-kanji,さみしがり
xy,lonely,en,Lonely
xy,lonely,fr,Solo
xy,lonely,it,Schiva
xy,lonely,de,Solo
xy,lonely,es,Huraño
xy,lonely,ko,외로움
xy,brave,jp-kana,ゆうかん
xy,brave,jp-kanji,ゆうかん
xy,brave,en,Brave
xy,brave,fr,Brave
xy,brave,it,Audace
xy,brave,de,Mutig
xy,brave,es,Audaz
xy,brave,ko,용감
xy,adamant,jp-kana,いじっぱり
xy,adamant,jp-kanji,いじっぱり
xy,adamant,en,Adamant
xy,adamant,fr,Rigide
xy,adamant,it,Decisa
xy,adamant,de,Hart
xy,adamant,es,Firme
xy,adamant,ko,고집
xy,naughty,jp-kana,やんちゃ
xy,naughty,jp-kanji,やんちゃ
xy,naughty,en,Naughty
xy,naughty,fr,Mauvais
xy,naughty,it,Birbona
xy,naughty,de,Frech
xy,naughty,es,Pícaro
xy,naughty,ko,개구쟁이
xy,bold,jp-kana,ずぶとい
xy,bold,jp-kanji,ずぶとい
xy,bold,en,Bold
xy,bold,fr,Assuré
xy,bold,it,Sicura
xy,bold,de,Kühn
xy,bold,es,Osado
xy,bold,ko,대담
xy,docile,jp-kana,すなお
xy,docile,jp-kanji,すなお
xy,docile,en,Docile
xy,docile,fr,Docile
xy,docile,it,Docile
xy,docile,de,Sanft
xy,docile,es,Dócil
xy,docile,ko,온순
xy,relaxed,jp-kana,のんき
xy,relaxed,jp-kanji,のんき
xy,relaxed,en,Relaxed
xy,relaxed,fr,Relax
xy,relaxed,it,Placida
xy,relaxed,de,Locker
xy,relaxed,es,Plácido
xy,relaxed,ko,무사태평
xy,impish,jp-kana,わんぱく
xy,impish,jp-kanji,わんぱく
xy,impish,en,Impish
xy,impish,fr,Malin
xy,impish,it,Scaltra
xy,impish,de,Pfiffig
xy,impish,es,Agitado
xy,impish,ko,장난꾸러기
xy,lax,jp-kana,のうてんき
xy,lax,jp-kanji,のうてんき
xy,lax,en,Lax
xy,lax,fr,Lâche
xy,lax,it,Fiacca
xy,lax,de,Lasch
xy,lax,es,Flojo
xy,lax,ko,촐랑
xy,timid,jp-kana,おくびょう
xy,timid,jp-kanji,おくびょう
xy,timid,en,Timid
xy,timid,fr,Timide
xy,timid,it,Timida
xy,timid,de,Scheu
xy,timid,es,Miedoso
xy,timid,ko,겁쟁이
xy,hasty,jp-kana,せっかち
xy,hasty,jp-kanji,せっかち
xy,hasty,en,Hasty
xy,hasty,fr,Pressé
xy,hasty,it,Lesta
xy,hasty,de,Hastig
xy,hasty,es,Activo
xy,hasty,ko,성급
xy,serious,jp-kana,まじめ
xy,serious,jp-kanji,まじめ
xy,serious,en,Serious
xy,serious,fr,Sérieux
xy,serious,it,Seria
xy,serious,de,Ernst
xy,serious,es,Serio
xy,serious,ko,성실
xy,jolly,jp-kana,ようき
xy,jolly,jp-kanji,ようき
xy,jolly,en,Jolly
xy,jolly,fr,Jovial
xy,jolly,it,Allegra
xy,jolly,de,Froh
xy,jolly,es,Alegre
xy,jolly,ko,명랑
xy,naive,jp-kana,むじゃき
xy,naive,jp-kanji,むじゃき
xy,naive,en,Naive
xy,naive,fr,Naïf
xy,naive,it,Ingenua
xy,naive,de,Naiv
xy,naive,es,Ingenuo
xy,naive,ko,천진난만
xy,modest,jp-kana,ひかえめ
xy,modest,jp-kanji,ひかえめ
xy,modest,en,Modest
xy,modest,fr,Modeste
xy,modest,it,Modesta
xy,modest,de,Mäßig
xy,modest,es,Modesto
xy,modest,ko,조심
xy,mild,jp-kana,おっとり
xy,mild,jp-kanji,おっとり
xy,mild,en,Mild
xy,mild,fr,Doux
xy,mild,it,Mite
xy,mild,de,Mild
xy,mild,es,Afable
xy,mild,ko,의젓
xy,quiet,jp-kana,れいせい
xy,quiet,jp-kanji,れいせい
xy,quiet,en,Quiet
xy,quiet,fr,Discret
xy,quiet,it,Quieta
xy,quiet,de,Ruhig
xy,quiet,es,Manso
xy,quiet,ko,냉정
xy,bashful,jp-kana,てれや
xy,bashful,jp-kanji,てれや
xy,bashful,en,Bashful
xy,bashful,fr,Pudique
xy,bashful,it,Ritrosa
xy,bashful,de,Zaghaft
xy,bashful,es,Tímido
xy,bashful,ko,수줍음
xy,rash,jp-kana,うっかりや
xy,rash,jp-kanji,うっかりや
xy,rash,en,Rash
xy,rash,fr,Foufou
xy,rash,it,Ardente
xy,rash,de,Hitzig
xy,rash,es,Alocado
xy,rash,ko,덜렁
xy,calm,jp-kana,おだやか
xy,calm,jp-kanji,おだやか
xy,calm,en,Calm
xy,calm,fr,Calme
xy,calm,it,Calma
xy,calm,de,Still
xy,calm,es,Sereno
xy,calm,ko,차분
xy,gentle,jp-kana,おとなしい
xy,gentle,jp-kanji,おとなしい
xy,gentle,en,Gentle
xy,gentle,fr,Gentil
xy,gentle,it,Gentile
xy,gentle,de,Zart
xy,gentle,es,Amable
xy,gentle,ko,얌전
xy,sassy,jp-kana,なまいき
xy,sassy,jp-kanji,なまいき
xy,sassy,en,Sassy
xy,sassy,fr,Malpoli
xy,sassy,it,Vivace
xy,sassy,de,Forsch
xy,sassy,es,Grosero
xy,sassy,ko,건방
xy,careful,jp-kana,しんちょう
xy,careful,jp-kanji,しんちょう
xy,careful,en,Careful
xy,careful,fr,Prudent
xy,careful,it,Cauta
xy,careful,de,Sacht
xy,careful,es,Cauto
xy,careful,ko,신중
xy,quirky,jp-kana,きまぐれ
xy,quirky,jp-kanji,きまぐれ
xy,quirky,en,Quirky
xy,quirky,fr,Bizarre
xy,quirky,it,Furba
xy,quirky,de,Kauzig
xy,quirky,es,Raro
xy,quirky,ko,변덕
oras,hardy,jp-kana,がんばりや
oras,hardy,jp-kanji,がんばりや
oras,hardy,en,Hardy
oras,hardy,fr,Hardi
oras,hardy,it,Ardita
oras,hardy,de,Robust
oras,hardy,es,fuerte
oras,hardy,ko,노력
oras,lonely,jp-kana,さみしがり
oras,lonely,jp-kanji,さみしがり
oras,lonely,en,Lonely
oras,lonely,fr,Solo
oras,lonely,it,Schiva
oras,lonely,de,Solo
oras,lonely,es,huraña
oras,lonely,ko,외로움
oras,brave,jp-kana,ゆうかん
oras,brave,jp-kanji,ゆうかん
oras,brave,en,Brave
oras,brave,fr,Brave
oras,brave,it,Audace
oras,brave,de,Mutig
oras,brave,es,audaz
oras,brave,ko,용감
oras,adamant,jp-kana,いじっぱり
oras,adamant,jp-kanji,いじっぱり
oras,adamant,en,Adamant
oras,adamant,fr,Rigide
oras,adamant,it,Decisa
oras,adamant,de,Hart
oras,adamant,es,firme
oras,adamant,ko,고집
oras,naughty,jp-kana,やんちゃ
oras,naughty,jp-kanji,やんちゃ
oras,naughty,en,Naughty
oras,naughty,fr,Mauvais
oras,naughty,it,Birbona
oras,naughty,de,Frech
oras,naughty,es,pícara
oras,naughty,ko,개구쟁이
oras,bold,jp-kana,ずぶとい
oras,bold,jp-kanji,ずぶとい
oras,bold,en,Bold
oras,bold,fr,Assuré
oras,bold,it,Sicura
oras,bold,de,Kühn
oras,bold,es,osada
oras,bold,ko,대담
oras,docile,jp-kana,すなお
oras,docile,jp-kanji,すなお
oras,docile,en,Docile
oras,docile,fr,Docile
oras,docile,it,Docile
oras,docile,de,Sanft
oras,docile,es,dócil
oras,docile,ko,온순
oras,relaxed,jp-kana,のんき
oras,relaxed,jp-kanji,のんき
oras,relaxed,en,Relaxed
oras,relaxed,fr,Relax
oras,relaxed,it,Placida
oras,relaxed,de,Locker
oras,relaxed,es,plácida
oras,relaxed,ko,무사태평
oras,impish,jp-kana,わんぱく
oras,impish,jp-kanji,わんぱく
oras,impish,en,Impish
oras,impish,fr,Malin
oras,impish,it,Scaltra
oras,impish,de,Pfiffig
oras,impish,es,agitada
oras,impish,ko,장난꾸러기
oras,lax,jp-kana,のうてんき
oras,lax,jp-kanji,のうてんき
oras,lax,en,Lax
oras,lax,fr,Lâche
oras,lax,it,Fiacca
oras,lax,de,Lasch
oras,lax,es,floja
oras,lax,ko,촐랑
oras,timid,jp-kana,おくびょう
oras,timid,jp-kanji,おくびょう
oras,timid,en,Timid
oras,timid,fr,Timide
oras,timid,it,Timida
oras,timid,de,Scheu
oras,timid,es,miedosa
oras,timid,ko,겁쟁이
oras,hasty,jp-kana,せっかち
oras,hasty,jp-kanji,せっかち
oras,hasty,en,Hasty
oras,hasty,fr,Pressé
oras,hasty,it,Lesta
oras,hasty,de,Hastig
oras,hasty,es,activa
oras,hasty,ko,성급
oras,serious,jp-kana,まじめ
oras,serious,jp-kanji,まじめ
oras,serious,en,Serious
oras,serious,fr,Sérieux
oras,serious,it,Seria
oras,serious,de,Ernst
oras,serious,es,seria
oras,serious,ko,성실
oras,jolly,jp-kana,ようき
oras,jolly,jp-kanji,ようき
oras,jolly,en,Jolly
oras,jolly,fr,Jovial
oras,jolly,it,Allegra
oras,jolly,de,Froh
oras,jolly,es,alegre
oras,jolly,ko,명랑
oras,naive,jp-kana,むじゃき
oras,naive,jp-kanji,むじゃき
oras,naive,en,Naive
oras,naive,fr,Naïf
oras,naive,it,Ingenua
oras,naive,de,Naiv
oras,naive,es,ingenua
oras,naive,ko,천진난만
oras,modest,jp-kana,ひかえめ
oras,modest,jp-kanji,ひかえめ
oras,modest,en,Modest
oras,modest,fr,Modeste
oras,modest,it,Modesta
oras,modest,de,Mäßig
oras,modest,es,modesta
oras,modest,ko,조심
oras,mild,jp-kana,おっとり
oras,mild,jp-kanji,おっとり
oras,mild,en,Mild
oras,mild,fr,Doux
oras,mild,it,Mite
oras,mild,de,Mild
oras,mild,es,afable
oras,mild,ko,의젓
oras,quiet,jp-kana,れいせい
oras,quiet,jp-kanji,れいせい
oras,quiet,en,Quiet
oras,quiet,fr,Discret
oras,quiet,it,Quieta
oras,quiet,de,Ruhig
oras,quiet,es,mansa
oras,quiet,ko,냉정
oras,bashful,jp-kana,てれや
oras,bashful,jp-kanji,てれや
oras,bashful,en,Bashful
oras,bashful,fr,Pudique
oras,bashful,it,Ritrosa
oras,bashful,de,Zaghaft
oras,bashful,es,tímida
oras,bashful,ko,수줍음
oras,rash,jp-kana,うっかりや
oras,rash,jp-kanji,うっかりや
oras,rash,en,Rash
oras,rash,fr,Foufou
oras,rash,it,Ardente
oras,rash,de,Hitzig
oras,rash,es,alocada
oras,rash,ko,덜렁
oras,calm,jp-kana,おだやか
oras,calm,jp-kanji,おだやか
oras,calm,en,Calm
oras,calm,fr,Calme
oras,calm,it,Calma
oras,calm,de,Still
oras,calm,es,serena
oras,calm,ko,차분
oras,gentle,jp-kana,おとなしい
oras,gentle,jp-kanji,おとなしい
oras,gentle,en,Gentle
oras,gentle,fr,Gentil
oras,gentle,it,Gentile
oras,gentle,de,Zart
oras,gentle,es,amable
oras,gentle,ko,얌전
oras,sassy,jp-kana,なまいき
oras,sassy,jp-kanji,なまいき
oras,sassy,en,Sassy
oras,sassy,fr,Malpoli
oras,sassy,it,Vivace
oras,sassy,de,Forsch
oras,sassy,es,grosera
oras,sassy,ko,건방
oras,careful,jp-kana,しんちょう
oras,careful,jp-kanji,しんちょう
oras,careful,en,Careful
oras,careful,fr,Prudent
oras,careful,it,Cauta
oras,careful,de,Sacht
oras,careful,es,cauta
oras,careful,ko,신중
oras,quirky,jp-kana,きまぐれ
oras,quirky,jp-kanji,きまぐれ
oras,quirky,en,Quirky
oras,quirky,fr,Bizarre
oras,quirky,it,Furba
oras,quirky,de,Kauzig
oras,quirky,es,rara
oras,quirky,ko,변덕
sm,hardy,jp-kana,がんばりや
sm,hardy,jp-kanji,がんばりや
sm,hardy,en,Hardy
sm,hardy,fr,Hardi
sm,hardy,it,Ardita
sm,hardy,de,Robust
sm,hardy,es,Fuerte
sm,hardy,ko,노력
sm,hardy,zh-simp,勤奋
sm,hardy,zh-trad,勤奮
sm,lonely,jp-kana,さみしがり
sm,lonely,jp-kanji,さみしがり
sm,lonely,en,Lonely
sm,lonely,fr,Solo
sm,lonely,it,Schiva
sm,lonely,de,Solo
sm,lonely,es,Huraña
sm,lonely,ko,외로움
sm,lonely,zh-simp,怕寂寞
sm,lonely,zh-trad,怕寂寞
sm,brave,jp-kana,ゆうかん
sm,brave,jp-kanji,ゆうかん
sm,brave,en,Brave
sm,brave,fr,Brave
sm,brave,it,Audace
sm,brave,de,Mutig
sm,brave,es,Audaz
sm,brave,ko,용감
sm,brave,zh-simp,勇敢
sm,brave,zh-trad,勇敢
sm,adamant,jp-kana,いじっぱり
sm,adamant,jp-kanji,いじっぱり
sm,adamant,en,Adamant
sm,adamant,fr,Rigide
sm,adamant,it,Decisa
sm,adamant,de,Hart
sm,adamant,es,Firme
sm,adamant,ko,고집
sm,adamant,zh-simp,固执
sm,adamant,zh-trad,固執
sm,naughty,jp-kana,やんちゃ
sm,naughty,jp-kanji,やんちゃ
sm,naughty,en,Naughty
sm,naughty,fr,Mauvais
sm,naughty,it,Birbona
sm,naughty,de,Frech
sm,naughty,es,Pícara
sm,naughty,ko,개구쟁이
sm,naughty,zh-simp,顽皮
sm,naughty,zh-trad,頑皮
sm,bold,jp-kana,ずぶとい
sm,bold,jp-kanji,ずぶとい
sm,bold,en,Bold
sm,bold,fr,Assuré
sm,bold,it,Sicura
sm,bold,de,Kühn
sm,bold,es,Osada
sm,bold,ko,대담
sm,bold,zh-simp,大胆
sm,bold,zh-trad,大膽
sm,docile,jp-kana,すなお
sm,docile,jp-kanji,すなお
sm,docile,en,Docile
sm,docile,fr,Docile
sm,docile,it,Docile
sm,docile,de,Sanft
sm,docile,es,Dócil
sm,docile,ko,온순
sm,docile,zh-simp,坦率
sm,docile,zh-trad,坦率
sm,relaxed,jp-kana,のんき
sm,relaxed,jp-kanji,のんき
sm,relaxed,en,Relaxed
sm,relaxed,fr,Relax
sm,relaxed,it,Placida
sm,relaxed,de,Locker
sm,relaxed,es,Plácida
sm,relaxed,ko,무사태평
sm,relaxed,zh-simp,悠闲
sm,relaxed,zh-trad,悠閒
sm,impish,jp-kana,わんぱく
sm,impish,jp-kanji,わんぱく
sm,impish,en,Impish
sm,impish,fr,Malin
sm,impish,it,Scaltra
sm,impish,de,Pfiffig
sm,impish,es,Agitada
sm,impish,ko,장난꾸러기
sm,impish,zh-simp,淘气
sm,impish,zh-trad,淘氣
sm,lax,jp-kana,のうてんき
sm,lax,jp-kanji,のうてんき
sm,lax,en,Lax
sm,lax,fr,Lâche
sm,lax,it,Fiacca
sm,lax,de,Lasch
sm,lax,es,Floja
sm,lax,ko,촐랑
sm,lax,zh-simp,乐天
sm,lax,zh-trad,樂天
sm,timid,jp-kana,おくびょう
sm,timid,jp-kanji,おくびょう
sm,timid,en,Timid
sm,timid,fr,Timide
sm,timid,it,Timida
sm,timid,de,Scheu
sm,timid,es,Miedosa
sm,timid,ko,겁쟁이
sm,timid,zh-simp,胆小
sm,timid,zh-trad,膽小
sm,hasty,jp-kana,せっかち
sm,hasty,jp-kanji,せっかち
sm,hasty,en,Hasty
sm,hasty,fr,Pressé
sm,hasty,it,Lesta
sm,hasty,de,Hastig
sm,hasty,es,Activa
sm,hasty,ko,성급
sm,hasty,zh-simp,急躁
sm,hasty,zh-trad,急躁
sm,serious,jp-kana,まじめ
sm,serious,jp-kanji,まじめ
sm,serious,en,Serious
sm,serious,fr,Sérieux
sm,serious,it,Seria
sm,serious,de,Ernst
sm,serious,es,Seria
sm,serious,ko,성실
sm,serious,zh-simp,认真
sm,serious,zh-trad,認真
sm,jolly,jp-kana,ようき
sm,jolly,jp-kanji,ようき
sm,jolly,en,Jolly
sm,jolly,fr,Jovial
sm,jolly,it,Allegra
sm,jolly,de,Froh
sm,jolly,es,Alegre
sm,jolly,ko,명랑
sm,jolly,zh-simp,爽朗
sm,jolly,zh-trad,爽朗
sm,naive,jp-kana,むじゃき
sm,naive,jp-kanji,むじゃき
sm,naive,en,Naive
sm,naive,fr,Naïf
sm,naive,it,Ingenua
sm,naive,de,Naiv
sm,naive,es,Ingenua
sm,naive,ko,천진난만
sm,naive,zh-simp,天真
sm,naive,zh-trad,天真
sm,modest,jp-kana,ひかえめ
sm,modest,jp-kanji,ひかえめ
sm,modest,en,Modest
sm,modest,fr,Modeste
sm,modest,it,Modesta
sm,modest,de,Mäßig
sm,modest,es,Modesta
sm,modest,ko,조심
sm,modest,zh-simp,内敛
sm,modest,zh-trad,內斂
sm,mild,jp-kana,おっとり
sm,mild,jp-kanji,おっとり
sm,mild,en,Mild
sm,mild,fr,Doux
sm,mild,it,Mite
sm,mild,de,Mild
sm,mild,es,Afable
sm,mild,ko,의젓
sm,mild,zh-simp,慢吞吞
sm,mild,zh-trad,慢吞吞
sm,quiet,jp-kana,れいせい
sm,quiet,jp-kanji,れいせい
sm,quiet,en,Quiet
sm,quiet,fr,Discret
sm,quiet,it,Quieta
sm,quiet,de,Ruhig
sm,quiet,es,Mansa
sm,quiet,ko,냉정
sm,quiet,zh-simp,冷静
sm,quiet,zh-trad,冷靜
sm,bashful,jp-kana,てれや
sm,bashful,jp-kanji,てれや
sm,bashful,en,Bashful
sm,bashful,fr,Pudique
sm,bashful,it,Ritrosa
sm,bashful,de,Zaghaft
sm,bashful,es,Tímida
sm,bashful,ko,수줍음
sm,bashful,zh-simp,害羞
sm,bashful,zh-trad,害羞
sm,rash,jp-kana,うっかりや
sm,rash,jp-kanji,うっかりや
sm,rash,en,Rash
sm,rash,fr,Foufou
sm,rash,it,Ardente
sm,rash,de,Hitzig
sm,rash,es,Alocada
sm,rash,ko,덜렁
sm,rash,zh-simp,马虎
sm,rash,zh-trad,馬虎
sm,calm,jp-kana,おだやか
sm,calm,jp-kanji,おだやか
sm,calm,en,Calm
sm,calm,fr,Calme
sm,calm,it,Calma
sm,calm,de,Still
sm,calm,es,Serena
sm,calm,ko,차분
sm,calm,zh-simp,温和
sm,calm,zh-trad,溫和
sm,gentle,jp-kana,おとなしい
sm,gentle,jp-kanji,おとなしい
sm,gentle,en,Gentle
sm,gentle,fr,Gentil
sm,gentle,it,Gentile
sm,gentle,de,Zart
sm,gentle,es,Amable
sm,gentle,ko,얌전
sm,gentle,zh-simp,温顺
sm,gentle,zh-trad,溫順
sm,sassy,jp-kana,なまいき
sm,sassy,jp-kanji,なまいき
sm,sassy,en,Sassy
sm,sassy,fr,Malpoli
sm,sassy,it,Vivace
sm,sassy,de,Forsch
sm,sassy,es,Grosera
sm,sassy,ko,건방
sm,sassy,zh-simp,自大
sm,sassy,zh-trad,自大
sm,careful,jp-kana,しんちょう
sm,careful,jp-kanji,しんちょう
sm,careful,en,Careful
sm,careful,fr,Prudent
sm,careful,it,Cauta
sm,careful,de,Sacht
sm,careful,es,Cauta
sm,careful,ko,신중
sm,careful,zh-simp,慎重
sm,careful,zh-trad,慎重
sm,quirky,jp-kana,きまぐれ
sm,quirky,jp-kanji,きまぐれ
sm,quirky,en,Quirky
sm,quirky,fr,Bizarre
sm,quirky,it,Furba
sm,quirky,de,Kauzig
sm,quirky,es,Rara
sm,quirky,ko,변덕
sm,quirky,zh-simp,浮躁
sm,quirky,zh-trad,浮躁
usum,hardy,jp-kana,がんばりや
usum,hardy,jp-kanji,がんばりや
usum,hardy,en,Hardy
usum,hardy,fr,Hardi
usum,hardy,it,Ardita
usum,hardy,de,Robust
usum,hardy,es,Fuerte
usum,hardy,ko,노력
usum,hardy,zh-simp,勤奋
usum,hardy,zh-trad,勤奮
usum,lonely,jp-kana,さみしがり
usum,lonely,jp-kanji,さみしがり
usum,lonely,en,Lonely
usum,lonely,fr,Solo
usum,lonely,it,Schiva
usum,lonely,de,Solo
usum,lonely,es,Huraña
usum,lonely,ko,외로움
usum,lonely,zh-simp,怕寂寞
usum,lonely,zh-trad,怕寂寞
usum,brave,jp-kana,ゆうかん
usum,brave,jp-kanji,ゆうかん
usum,brave,en,Brave
usum,brave,fr,Brave
usum,brave,it,Audace
usum,brave,de,Mutig
usum,brave,es,Audaz
usum,brave,ko,용감
usum,brave,zh-simp,勇敢
usum,brave,zh-trad,勇敢
usum,adamant,jp-kana,いじっぱり
usum,adamant,jp-kanji,いじっぱり
usum,adamant,en,Adamant
usum,adamant,fr,Rigide
usum,adamant,it,Decisa
usum,adamant,de,Hart
usum,adamant,es,Firme
usum,adamant,ko,고집
usum,adamant,zh-simp,固执
usum,adamant,zh-trad,固執
usum,naughty,jp-kana,やんちゃ
usum,naughty,jp-kanji,やんちゃ
usum,naughty,en,Naughty
usum,naughty,fr,Mauvais
usum,naughty,it,Birbona
usum,naughty,de,Frech
usum,naughty,es,Pícara
usum,naughty,ko,개구쟁이
usum,naughty,zh-simp,顽皮
usum,naughty,zh-trad,頑皮
usum,bold,jp-kana,ずぶとい
usum,bold,jp-kanji,ずぶとい
usum,bold,en,Bold
usum,bold,fr,Assuré
usum,bold,it,Sicura
usum,bold,de,Kühn
usum,bold,es,Osada
usum,bold,ko,대담
usum,bold,zh-simp,大胆
usum,bold,zh-trad,大膽
usum,docile,jp-kana,すなお
usum,docile,jp-kanji,すなお
usum,docile,en,Docile
usum,docile,fr,Docile
usum,docile,it,Docile
usum,docile,de,Sanft
usum,docile,es,Dócil
usum,docile,ko,온순
usum,docile,zh-simp,坦率
usum,docile,zh-trad,坦率
usum,relaxed,jp-kana,のんき
usum,relaxed,jp-kanji,のんき
usum,relaxed,en,Relaxed
usum,relaxed,fr,Relax
usum,relaxed,it,Placida
usum,relaxed,de,Locker
usum,relaxed,es,Plácida
usum,relaxed,ko,무사태평
usum,relaxed,zh-simp,悠闲
usum,relaxed,zh-trad,悠閒
usum,impish,jp-kana,わんぱく
usum,impish,jp-kanji,わんぱく
usum,impish,en,Impish
usum,impish,fr,Malin
usum,impish,it,Scaltra
usum,impish,de,Pfiffig
usum,impish,es,Agitada
usum,impish,ko,장난꾸러기
usum,impish,zh-simp,淘气
usum,impish,zh-trad,淘氣
usum,lax,jp-kana,のうてんき
usum,lax,jp-kanji,のうてんき
usum,lax,en,Lax
usum,lax,fr,Lâche
usum,lax,it,Fiacca
usum,lax,de,Lasch
usum,lax,es,Floja
usum,lax,ko,촐랑
usum,lax,zh-simp,乐天
usum,lax,zh-trad,樂天
usum,timid,jp-kana,おくびょう
usum,timid,jp-kanji,おくびょう
usum,timid,en,Timid
usum,timid,fr,Timide
usum,timid,it,Timida
usum,timid,de,Scheu
usum,timid,es,Miedosa
usum,timid,ko,겁쟁이
usum,timid,zh-simp,胆小
usum,timid,zh-trad,膽小
usum,hasty,jp-kana,せっかち
usum,hasty,jp-kanji,せっかち
usum,hasty,en,Hasty
usum,hasty,fr,Pressé
usum,hasty,it,Lesta
usum,hasty,de,Hastig
usum,hasty,es,Activa
usum,hasty,ko,성급
usum,hasty,zh-simp,急躁
usum,hasty,zh-trad,急躁
usum,serious,jp-kana,まじめ
usum,serious,jp-kanji,まじめ
usum,serious,en,Serious
usum,serious,fr,Sérieux
usum,serious,it,Seria
usum,serious,de,Ernst
usum,serious,es,Seria
usum,serious,ko,성실
usum,serious,zh-simp,认真
usum,serious,zh-trad,認真
usum,jolly,jp-kana,ようき
usum,jolly,jp-kanji,ようき
usum,jolly,en,Jolly
usum,jolly,fr,Jovial
usum,jolly,it,Allegra
usum,jolly,de,Froh
usum,jolly,es,Alegre
usum,jolly,ko,명랑
usum,jolly,zh-simp,爽朗
usum,jolly,zh-trad,爽朗
usum,naive,jp-kana,むじゃき
usum,naive,jp-kanji,むじゃき
usum,naive,en,Naive
usum,naive,fr,Naïf
usum,naive,it,Ingenua
usum,naive,de,Naiv
usum,naive,es,Ingenua
usum,naive,ko,천진난만
usum,naive,zh-simp,天真
usum,naive,zh-trad,天真
usum,modest,jp-kana,ひかえめ
usum,modest,jp-kanji,ひかえめ
usum,modest,en,Modest
usum,modest,fr,Modeste
usum,modest,it,Modesta
usum,modest,de,Mäßig
usum,modest,es,Modesta
usum,modest,ko,조심
usum,modest,zh-simp,内敛
usum,modest,zh-trad,內斂
usum,mild,jp-kana,おっとり
usum,mild,jp-kanji,おっとり
usum,mild,en,Mild
usum,mild,fr,Doux
usum,mild,it,Mite
usum,mild,de,Mild
usum,mild,es,Afable
usum,mild,ko,의젓
usum,mild,zh-simp,慢吞吞
usum,mild,zh-trad,慢吞吞
usum,quiet,jp-kana,れいせい
usum,quiet,jp-kanji,れいせい
usum,quiet,en,Quiet
usum,quiet,fr,Discret
usum,quiet,it,Quieta
usum,quiet,de,Ruhig
usum,quiet,es,Mansa
usum,quiet,ko,냉정
usum,quiet,zh-simp,冷静
usum,quiet,zh-trad,冷靜
usum,bashful,jp-kana,てれや
usum,bashful,jp-kanji,てれや
usum,bashful,en,Bashful
usum,bashful,fr,Pudique
usum,bashful,it,Ritrosa
usum,bashful,de,Zaghaft
usum,bashful,es,Tímida
usum,bashful,ko,수줍음
usum,bashful,zh-simp,害羞
usum,bashful,zh-trad,害羞
usum,rash,jp-kana,うっかりや
usum,rash,jp-kanji,うっかりや
usum,rash,en,Rash
usum,rash,fr,Foufou
usum,rash,it,Ardente
usum,rash,de,Hitzig
usum,rash,es,Alocada
usum,rash,ko,덜렁
usum,rash,zh-simp,马虎
usum,rash,zh-trad,馬虎
usum,calm,jp-kana,おだやか
usum,calm,jp-kanji,おだやか
usum,calm,en,Calm
usum,calm,fr,Calme
usum,calm,it,Calma
usum,calm,de,Still
usum,calm,es,Serena
usum,calm,ko,차분
usum,calm,zh-simp,温和
usum,calm,zh-trad,溫和
usum,gentle,jp-kana,おとなしい
usum,gentle,jp-kanji,おとなしい
usum,gentle,en,Gentle
usum,gentle,fr,Gentil
usum,gentle,it,Gentile
usum,gentle,de,Zart
usum,gentle,es,Amable
usum,gentle,ko,얌전
usum,gentle,zh-simp,温顺
usum,gentle,zh-trad,溫順
usum,sassy,jp-kana,なまいき
usum,sassy,jp-kanji,なまいき
usum,sassy,en,Sassy
usum,sassy,fr,Malpoli
usum,sassy,it,Vivace
usum,sassy,de,Forsch
usum,sassy,es,Grosera
usum,sassy,ko,건방
usum,sassy,zh-simp,自大
usum,sassy,zh-trad,自大
usum,careful,jp-kana,しんちょう
usum,careful,jp-kanji,しんちょう
usum,careful,en,Careful
usum,careful,fr,Prudent
usum,careful,it,Cauta
usum,careful,de,Sacht
usum,careful,es,Cauta
usum,careful,ko,신중
usum,careful,zh-simp,慎重
usum,careful,zh-trad,慎重
usum,quirky,jp-kana,きまぐれ
usum,quirky,jp-kanji,きまぐれ
usum,quirky,en,Quirky
usum,quirky,fr,Bizarre
usum,quirky,it,Furba
usum,quirky,de,Kauzig
usum,quirky,es,Rara
usum,quirky,ko,변덕
usum,quirky,zh-simp,浮躁
usum,quirky,zh-trad,浮躁
lgpe,hardy,jp-kana,がんばりや
lgpe,hardy,jp-kanji,がんばりや
lgpe,hardy,en,Hardy
lgpe,hardy,fr,Hardi
lgpe,hardy,it,Ardita
lgpe,hardy,de,Robust
lgpe,hardy,es,Fuerte
lgpe,hardy,ko,노력
lgpe,hardy,zh-simp,勤奋
lgpe,hardy,zh-trad,勤奮
lgpe,lonely,jp-kana,さみしがり
lgpe,lonely,jp-kanji,さみしがり
lgpe,lonely,en,Lonely
lgpe,lonely,fr,Solo
lgpe,lonely,it,Schiva
lgpe,lonely,de,Solo
lgpe,lonely,es,Huraña
lgpe,lonely,ko,외로움
lgpe,lonely,zh-simp,怕寂寞
lgpe,lonely,zh-trad,怕寂寞
lgpe,brave,jp-kana,ゆうかん
lgpe,brave,jp-kanji,ゆうかん
lgpe,brave,en,Brave
lgpe,brave,fr,Brave
lgpe,brave,it,Audace
lgpe,brave,de,Mutig
lgpe,brave,es,Audaz
lgpe,brave,ko,용감
lgpe,brave,zh-simp,勇敢
lgpe,brave,zh-trad,勇敢
lgpe,adamant,jp-kana,いじっぱり
lgpe,adamant,jp-kanji,いじっぱり
lgpe,adamant,en,Adamant
lgpe,adamant,fr,Rigide
lgpe,adamant,it,Decisa
lgpe,adamant,de,Hart
lgpe,adamant,es,Firme
lgpe,adamant,ko,고집
lgpe,adamant,zh-simp,固执
lgpe,adamant,zh-trad,固執
lgpe,naughty,jp-kana,やんちゃ
lgpe,naughty,jp-kanji,やんちゃ
lgpe,naughty,en,Naughty
lgpe,naughty,fr,Mauvais
lgpe,naughty,it,Birbona
lgpe,naughty,de,Frech
lgpe,naughty,es,Pícara
lgpe,naughty,ko,개구쟁이
lgpe,naughty,zh-simp,顽皮
lgpe,naughty,zh-trad,頑皮
lgpe,bold,jp-kana,ずぶとい
lgpe,bold,jp-kanji,ずぶとい
lgpe,bold,en,Bold
lgpe,bold,fr,Assuré
lgpe,bold,it,Sicura
lgpe,bold,de,Kühn
lgpe,bold,es,Osada
lgpe,bold,ko,대담
lgpe,bold,zh-simp,大胆
lgpe,bold,zh-trad,大膽
lgpe,docile,jp-kana,すなお
lgpe,docile,jp-kanji,すなお
lgpe,docile,en,Docile
lgpe,docile,fr,Docile
lgpe,docile,it,Docile
lgpe,docile,de,Sanft
lgpe,docile,es,Dócil
lgpe,docile,ko,온순
lgpe,docile,zh-simp,坦率
lgpe,docile,zh-trad,坦率
lgpe,relaxed,jp-kana,のんき
lgpe,relaxed,jp-kanji,のんき
lgpe,relaxed,en,Relaxed
lgpe,relaxed,fr,Relax
lgpe,relaxed,it,Placida
lgpe,relaxed,de,Locker
lgpe,relaxed,es,Plácida
lgpe,relaxed,ko,무사태평
lgpe,relaxed,zh-simp,悠闲
lgpe,relaxed,zh-trad,悠閒
lgpe,impish,jp-kana,わんぱく
lgpe,impish,jp-kanji,わんぱく
lgpe,impish,en,Impish
lgpe,impish,fr,Malin
lgpe,impish,it,Scaltra
lgpe,impish,de,Pfiffig
lgpe,impish,es,Agitada
lgpe,impish,ko,장난꾸러기
lgpe,impish,zh-simp,淘气
lgpe,impish,zh-trad,淘氣
lgpe,lax,jp-kana,のうてんき
lgpe,lax,jp-kanji,のうてんき
lgpe,lax,en,Lax
lgpe,lax,fr,Lâche
lgpe,lax,it,Fiacca
lgpe,lax,de,Lasch
lgpe,lax,es,Floja
lgpe,lax,ko,촐랑
lgpe,lax,zh-simp,乐天
lgpe,lax,zh-trad,樂天
lgpe,timid,jp-kana,おくびょう
lgpe,timid,jp-kanji,おくびょう
lgpe,timid,en,Timid
lgpe,timid,fr,Timide
lgpe,timid,it,Timida
lgpe,timid,de,Scheu
lgpe,timid,es,Miedosa
lgpe,timid,ko,겁쟁이
lgpe,timid,zh-simp,胆小
lgpe,timid,zh-trad,膽小
lgpe,hasty,jp-kana,せっかち
lgpe,hasty,jp-kanji,せっかち
lgpe,hasty,en,Hasty
lgpe,hasty,fr,Pressé
lgpe,hasty,it,Lesta
lgpe,hasty,de,Hastig
lgpe,hasty,es,Activa
lgpe,hasty,ko,성급
lgpe,hasty,zh-simp,急躁
lgpe,hasty,zh-trad,急躁
lgpe,serious,jp-kana,まじめ
lgpe,serious,jp-kanji,まじめ
lgpe,serious,en,Serious
lgpe,serious,fr,Sérieux
lgpe,serious,it,Seria
lgpe,serious,de,Ernst
lgpe,serious,es,Seria
lgpe,serious,ko,성실
lgpe,serious,zh-simp,认真
lgpe,serious,zh-trad,認真
lgpe,jolly,jp-kana,ようき
lgpe,jolly,jp-kanji,ようき
lgpe,jolly,en,Jolly
lgpe,jolly,fr,Jovial
lgpe,jolly,it,Allegra
lgpe,jolly,de,Froh
lgpe,jolly,es,Alegre
lgpe,jolly,ko,명랑
lgpe,jolly,zh-simp,爽朗
lgpe,jolly,zh-trad,爽朗
lgpe,naive,jp-kana,むじゃき
lgpe,naive,jp-kanji,むじゃき
lgpe,naive,en,Naive
lgpe,naive,fr,Naïf
lgpe,naive,it,Ingenua
lgpe,naive,de,Naiv
lgpe,naive,es,Ingenua
lgpe,naive,ko,천진난만
lgpe,naive,zh-simp,天真
lgpe,naive,zh-trad,天真
lgpe,modest,jp-kana,ひかえめ
lgpe,modest,jp-kanji,ひかえめ
lgpe,modest,en,Modest
lgpe,modest,fr,Modeste
lgpe,modest,it,Modesta
lgpe,modest,de,Mäßig
lgpe,modest,es,Modesta
lgpe,modest,ko,조심
lgpe,modest,zh-simp,内敛
lgpe,modest,zh-trad,內斂
lgpe,mild,jp-kana,おっとり
lgpe,mild,jp-kanji,おっとり
lgpe,mild,en,Mild
lgpe,mild,fr,Doux
lgpe,mild,it,Mite
lgpe,mild,de,Mild
lgpe,mild,es,Afable
lgpe,mild,ko,의젓
lgpe,mild,zh-simp,慢吞吞
lgpe,mild,zh-trad,慢吞吞
lgpe,quiet,jp-kana,れいせい
lgpe,quiet,jp-kanji,れいせい
lgpe,quiet,en,Quiet
lgpe,quiet,fr,Discret
lgpe,quiet,it,Quieta
lgpe,quiet,de,Ruhig
lgpe,quiet,es,Mansa
lgpe,quiet,ko,냉정
lgpe,quiet,zh-simp,冷静
lgpe,quiet,zh-trad,冷靜
lgpe,bashful,jp-kana,てれや
lgpe,bashful,jp-kanji,てれや
lgpe,bashful,en,Bashful
lgpe,bashful,fr,Pudique
lgpe,bashful,it,Ritrosa
lgpe,bashful,de,Zaghaft
lgpe,bashful,es,Tímida
lgpe,bashful,ko,수줍음
lgpe,bashful,zh-simp,害羞
lgpe,bashful,zh-trad,害羞
lgpe,rash,jp-kana,うっかりや
lgpe,rash,jp-kanji,うっかりや
lgpe,rash,en,Rash
lgpe,rash,fr,Foufou
lgpe,rash,it,Ardente
lgpe,rash,de,Hitzig
lgpe,rash,es,Alocada
lgpe,rash,ko,덜렁
lgpe,rash,zh-simp,马虎
lgpe,rash,zh-trad,馬虎
lgpe,calm,jp-kana,おだやか
lgpe,calm,jp-kanji,おだやか
lgpe,calm,en,Calm
lgpe,calm,fr,Calme
lgpe,calm,it,Calma
lgpe,calm,de,Still
lgpe,calm,es,Serena
lgpe,calm,ko,차분
lgpe,calm,zh-simp,温和
lgpe,calm,zh-trad,溫和
lgpe,gentle,jp-kana,おとなしい
lgpe,gentle,jp-kanji,おとなしい
lgpe,gentle,en,Gentle
lgpe,gentle,fr,Gentil
lgpe,gentle,it,Gentile
lgpe,gentle,de,Zart
lgpe,gentle,es,Amable
lgpe,gentle,ko,얌전
lgpe,gentle,zh-simp,温顺
lgpe,gentle,zh-trad,溫順
lgpe,sassy,jp-kana,なまいき
lgpe,sassy,jp-kanji,なまいき
lgpe,sassy,en,Sassy
lgpe,sassy,fr,Malpoli
lgpe,sassy,it,Vivace
lgpe,sassy,de,Forsch
lgpe,sassy,es,Grosera
lgpe,sassy,ko,건방
lgpe,sassy,zh-simp,自大
lgpe,sassy,zh-trad,自大
lgpe,careful,jp-kana,しんちょう
lgpe,careful,jp-kanji,しんちょう
lgpe,careful,en,Careful
lgpe,careful,fr,Prudent
lgpe,careful,it,Cauta
lgpe,careful,de,Sacht
lgpe,careful,es,Cauta
lgpe,careful,ko,신중
lgpe,careful,zh-simp,慎重
lgpe,careful,zh-trad,慎重
lgpe,quirky,jp-kana,きまぐれ
lgpe,quirky,jp-kanji,きまぐれ
lgpe,quirky,en,Quirky
lgpe,quirky,fr,Bizarre
lgpe,quirky,it,Furba
lgpe,quirky,de,Kauzig
lgpe,quirky,es,Rara
lgpe,quirky,ko,변덕
lgpe,quirky,zh-simp,浮躁
lgpe,quirky,zh-trad,浮躁
ss,hardy,jp-kana,がんばりや
ss,hardy,jp-kanji,がんばりや
ss,hardy,en,Hardy
ss,hardy,fr,Hardi
ss,hardy,it,Ardita
ss,hardy,de,Robust
ss,hardy,es,Fuerte
ss,hardy,ko,노력
ss,hardy,zh-simp,勤奋
ss,hardy,zh-trad,勤奮
ss,lonely,jp-kana,さみしがり
ss,lonely,jp-kanji,さみしがり
ss,lonely,en,Lonely
ss,lonely,fr,Solo
ss,lonely,it,Schiva
ss,lonely,de,Solo
ss,lonely,es,Huraña
ss,lonely,ko,외로움
ss,lonely,zh-simp,怕寂寞
ss,lonely,zh-trad,怕寂寞
ss,brave,jp-kana,ゆうかん
ss,brave,jp-kanji,ゆうかん
ss,brave,en,Brave
ss,brave,fr,Brave
ss,brave,it,Audace
ss,brave,de,Mutig
ss,brave,es,Audaz
ss,brave,ko,용감
ss,brave,zh-simp,勇敢
ss,brave,zh-trad,勇敢
ss,adamant,jp-kana,いじっぱり
ss,adamant,jp-kanji,いじっぱり
ss,adamant,en,Adamant
ss,adamant,fr,Rigide
ss,adamant,it,Decisa
ss,adamant,de,Hart
ss,adamant,es,Firme
ss,adamant,ko,고집
ss,adamant,zh-simp,固执
ss,adamant,zh-trad,固執
ss,naughty,jp-kana,やんちゃ
ss,naughty,jp-kanji,やんちゃ
ss,naughty,en,Naughty
ss,naughty,fr,Mauvais
ss,naughty,it,Birbona
ss,naughty,de,Frech
ss,naughty,es,Pícara
ss,naughty,ko,개구쟁이
ss,naughty,zh-simp,顽皮
ss,naughty,zh-trad,頑皮
ss,bold,jp-kana,ずぶとい
ss,bold,jp-kanji,ずぶとい
ss,bold,en,Bold
ss,bold,fr,Assuré
ss,bold,it,Sicura
ss,bold,de,Kühn
ss,bold,es,Osada
ss,bold,ko,대담
ss,bold,zh-simp,大胆
ss,bold,zh-trad,大膽
ss,docile,jp-kana,すなお
ss,docile,jp-kanji,すなお
ss,docile,en,Docile
ss,docile,fr,Docile
ss,docile,it,Docile
ss,docile,de,Sanft
ss,docile,es,Dócil
ss,docile,ko,온순
ss,docile,zh-simp,坦率
ss,docile,zh-trad,坦率
ss,relaxed,jp-kana,のんき
ss,relaxed,jp-kanji,のんき
ss,relaxed,en,Relaxed
ss,relaxed,fr,Relax
ss,relaxed,it,Placida
ss,relaxed,de,Locker
ss,relaxed,es,Plácida
ss,relaxed,ko,무사태평
ss,relaxed,zh-simp,悠闲
ss,relaxed,zh-trad,悠閒
ss,impish,jp-kana,わんぱく
ss,impish,jp-kanji,わんぱく
ss,impish,en,Impish
ss,impish,fr,Malin
ss,impish,it,Scaltra
ss,impish,de,Pfiffig
ss,impish,es,Agitada
ss,impish,ko,장난꾸러기
ss,impish,zh-simp,淘气
ss,impish,zh-trad,淘氣
ss,lax,jp-kana,のうてんき
ss,lax,jp-kanji,のうてんき
ss,lax,en,Lax
ss,lax,fr,Lâche
ss,lax,it,Fiacca
ss,lax,de,Lasch
ss,lax,es,Floja
ss,lax,ko,촐랑
ss,lax,zh-simp,乐天
ss,lax,zh-trad,樂天
ss,timid,jp-kana,おくびょう
ss,timid,jp-kanji,おくびょう
ss,timid,en,Timid
ss,timid,fr,Timide
ss,timid,it,Timida
ss,timid,de,Scheu
ss,timid,es,Miedosa
ss,timid,ko,겁쟁이
ss,timid,zh-simp,胆小
ss,timid,zh-trad,膽小
ss,hasty,jp-kana,せっかち
ss,hasty,jp-kanji,せっかち
ss,hasty,en,Hasty
ss,hasty,fr,Pressé
ss,hasty,it,Lesta
ss,hasty,de,Hastig
ss,hasty,es,Activa
ss,hasty,ko,성급
ss,hasty,zh-simp,急躁
ss,hasty,zh-trad,急躁
ss,serious,jp-kana,まじめ
ss,serious,jp-kanji,まじめ
ss,serious,en,Serious
ss,serious,fr,Sérieux
ss,serious,it,Seria
ss,serious,de,Ernst
ss,serious,es,Seria
ss,serious,ko,성실
ss,serious,zh-simp,认真
ss,serious,zh-trad,認真
ss,jolly,jp-kana,ようき
ss,jolly,jp-kanji,ようき
ss,jolly,en,Jolly
ss,jolly,fr,Jovial
ss,jolly,it,Allegra
ss,jolly,de,Froh
ss,jolly,es,Alegre
ss,jolly,ko,명랑
ss,jolly,zh-simp,爽朗
ss,jolly,zh-trad,爽朗
ss,naive,jp-kana,むじゃき
ss,naive,jp-kanji,むじゃき
ss,naive,en,Naive
ss,naive,fr,Naïf
ss,naive,it,Ingenua
ss,naive,de,Naiv
ss,naive,es,Ingenua
ss,naive,ko,천진난만
ss,naive,zh-simp,天真
ss,naive,zh-trad,天真
ss,modest,jp-kana,ひかえめ
ss,modest,jp-kanji,ひかえめ
ss,modest,en,Modest
ss,modest,fr,Modeste
ss,modest,it,Modesta
ss,modest,de,Mäßig
ss,modest,es,Modesta
ss,modest,ko,조심
ss,modest,zh-simp,内敛
ss,modest,zh-trad,內斂
ss,mild,jp-kana,おっとり
ss,mild,jp-kanji,おっとり
ss,mild,en,Mild
ss,mild,fr,Doux
ss,mild,it,Mite
ss,mild,de,Mild
ss,mild,es,Afable
ss,mild,ko,의젓
ss,mild,zh-simp,慢吞吞
ss,mild,zh-trad,慢吞吞
ss,quiet,jp-kana,れいせい
ss,quiet,jp-kanji,れいせい
ss,quiet,en,Quiet
ss,quiet,fr,Discret
ss,quiet,it,Quieta
ss,quiet,de,Ruhig
ss,quiet,es,Mansa
ss,quiet,ko,냉정
ss,quiet,zh-simp,冷静
ss,quiet,zh-trad,冷靜
ss,bashful,jp-kana,てれや
ss,bashful,jp-kanji,てれや
ss,bashful,en,Bashful
ss,bashful,fr,Pudique
ss,bashful,it,Ritrosa
ss,bashful,de,Zaghaft
ss,bashful,es,Tímida
ss,bashful,ko,수줍음
ss,bashful,zh-simp,害羞
ss,bashful,zh-trad,害羞
ss,rash,jp-kana,うっかりや
ss,rash,jp-kanji,うっかりや
ss,rash,en,Rash
ss,rash,fr,Foufou
ss,rash,it,Ardente
ss,rash,de,Hitzig
ss,rash,es,Alocada
ss,rash,ko,덜렁
ss,rash,zh-simp,马虎
ss,rash,zh-trad,馬虎
ss,calm,jp-kana,おだやか
ss,calm,jp-kanji,おだやか
ss,calm,en,Calm
ss,calm,fr,Calme
ss,calm,it,Calma
ss,calm,de,Still
ss,calm,es,Serena
ss,calm,ko,차분
ss,calm,zh-simp,温和
ss,calm,zh-trad,溫和
ss,gentle,jp-kana,おとなしい
ss,gentle,jp-kanji,おとなしい
ss,gentle,en,Gentle
ss,gentle,fr,Gentil
ss,gentle,it,Gentile
ss,gentle,de,Zart
ss,gentle,es,Amable
ss,gentle,ko,얌전
ss,gentle,zh-simp,温顺
ss,gentle,zh-trad,溫順
ss,sassy,jp-kana,なまいき
ss,sassy,jp-kanji,なまいき
ss,sassy,en,Sassy
ss,sassy,fr,Malpoli
ss,sassy,it,Vivace
ss,sassy,de,Forsch
ss,sassy,es,Grosera
ss,sassy,ko,건방
ss,sassy,zh-simp,自大
ss,sassy,zh-trad,自大
ss,careful,jp-kana,しんちょう
ss,careful,jp-kanji,しんちょう
ss,careful,en,Careful
ss,careful,fr,Prudent
ss,careful,it,Cauta
ss,careful,de,Sacht
ss,careful,es,Cauta
ss,careful,ko,신중
ss,careful,zh-simp,慎重
ss,careful,zh-trad,慎重
ss,quirky,jp-kana,きまぐれ
ss,quirky,jp-kanji,きまぐれ
ss,quirky,en,Quirky
ss,quirky,fr,Bizarre
ss,quirky,it,Furba
ss,quirky,de,Kauzig
ss,quirky,es,Rara
ss,quirky,ko,변덕
ss,quirky,zh-simp,浮躁
ss,quirky,zh-trad,浮躁
bdsp,hardy,jp-kana,がんばりや
bdsp,hardy,jp-kanji,がんばりや
bdsp,hardy,en,Hardy
bdsp,hardy,fr,Hardi
bdsp,hardy,it,Ardita
bdsp,hardy,de,Robust
bdsp,hardy,es,Fuerte
bdsp,hardy,ko,노력
bdsp,hardy,zh-simp,勤奋
bdsp,hardy,zh-trad,勤奮
bdsp,lonely,jp-kana,さみしがり
bdsp,lonely,jp-kanji,さみしがり
bdsp,lonely,en,Lonely
bdsp,lonely,fr,Solo
bdsp,lonely,it,Schiva
bdsp,lonely,de,Solo
bdsp,lonely,es,Huraña
bdsp,lonely,ko,외로움
bdsp,lonely,zh-simp,怕寂寞
bdsp,lonely,zh-trad,怕寂寞
bdsp,brave,jp-kana,ゆうかん
bdsp,brave,jp-kanji,ゆうかん
bdsp,brave,en,Brave
bdsp,brave,fr,Brave
bdsp,brave,it,Audace
bdsp,brave,de,Mutig
bdsp,brave,es,Audaz
bdsp,brave,ko,용감
bdsp,brave,zh-simp,勇敢
bdsp,brave,zh-trad,勇敢
bdsp,adamant,jp-kana,いじっぱり
bdsp,adamant,jp-kanji,いじっぱり
bdsp,adamant,en,Adamant
bdsp,adamant,fr,Rigide
bdsp,adamant,it,Decisa
bdsp,adamant,de,Hart
bdsp,adamant,es,Firme
bdsp,adamant,ko,고집
bdsp,adamant,zh-simp,固执
bdsp,adamant,zh-trad,固執
bdsp,naughty,jp-kana,やんちゃ
bdsp,naughty,jp-kanji,やんちゃ
bdsp,naughty,en,Naughty
bdsp,naughty,fr,Mauvais
bdsp,naughty,it,Birbona
bdsp,naughty,de,Frech
bdsp,naughty,es,Pícara
bdsp,naughty,ko,개구쟁이
bdsp,naughty,zh-simp,顽皮
bdsp,naughty,zh-trad,頑皮
bdsp,bold,jp-kana,ずぶとい
bdsp,bold,jp-kanji,ずぶとい
bdsp,bold,en,Bold
bdsp,bold,fr,Assuré
bdsp,bold,it,Sicura
bdsp,bold,de,Kühn
bdsp,bold,es,Osada
bdsp,bold,ko,대담
bdsp,bold,zh-simp,大胆
bdsp,bold,zh-trad,大膽
bdsp,docile,jp-kana,すなお
bdsp,docile,jp-kanji,すなお
bdsp,docile,en,Docile
bdsp,docile,fr,Docile
bdsp,docile,it,Docile
bdsp,docile,de,Sanft
bdsp,docile,es,Dócil
bdsp,docile,ko,온순
bdsp,docile,zh-simp,坦率
bdsp,docile,zh-trad,坦率
bdsp,relaxed,jp-kana,のんき
bdsp,relaxed,jp-kanji,のんき
bdsp,relaxed,en,Relaxed
bdsp,relaxed,fr,Relax
bdsp,relaxed,it,Placida
bdsp,relaxed,de,Locker
bdsp,relaxed,es,Plácida
bdsp,relaxed,ko,무사태평
bdsp,relaxed,zh-simp,悠闲
bdsp,relaxed,zh-trad,悠閒
bdsp,impish,jp-kana,わんぱく
bdsp,impish,jp-kanji,わんぱく
bdsp,impish,en,Impish
bdsp,impish,fr,Malin
bdsp,impish,it,Scaltra
bdsp,impish,de,Pfiffig
bdsp,impish,es,Agitada
bdsp,impish,ko,장난꾸러기
bdsp,impish,zh-simp,淘气
bdsp,impish,zh-trad,淘氣
bdsp,lax,jp-kana,のうてんき
bdsp,lax,jp-kanji,のうてんき
bdsp,lax,en,Lax
bdsp,lax,fr,Lâche
bdsp,lax,it,Fiacca
bdsp,lax,de,Lasch
bdsp,lax,es,Floja
bdsp,lax,ko,촐랑
bdsp,lax,zh-simp,乐天
bdsp,lax,zh-trad,樂天
bdsp,timid,jp-kana,おくびょう
bdsp,timid,jp-kanji,おくびょう
bdsp,timid,en,Timid
bdsp,timid,fr,Timide
bdsp,timid,it,Timida
bdsp,timid,de,Scheu
bdsp,timid,es,Miedosa
bdsp,timid,ko,겁쟁이
bdsp,timid,zh-simp,胆小
bdsp,timid,zh-trad,膽小
bdsp,hasty,jp-kana,せっかち
bdsp,hasty,jp-kanji,せっかち
bdsp,hasty,en,Hasty
bdsp,hasty,fr,Pressé
bdsp,hasty,it,Lesta
bdsp,hasty,de,Hastig
bdsp,hasty,es,Activa
bdsp,hasty,ko,성급
bdsp,hasty,zh-simp,急躁
bdsp,hasty,zh-trad,急躁
bdsp,serious,jp-kana,まじめ
bdsp,serious,jp-kanji,まじめ
bdsp,serious,en,Serious
bdsp,serious,fr,Sérieux
bdsp,serious,it,Seria
bdsp,serious,de,Ernst
bdsp,serious,es,Seria
bdsp,serious,ko,성실
bdsp,serious,zh-simp,认真
bdsp,serious,zh-trad,認真
bdsp,jolly,jp-kana,ようき
bdsp,jolly,jp-kanji,ようき
bdsp,jolly,en,Jolly
bdsp,jolly,fr,Jovial
bdsp,jolly,it,Allegra
bdsp,jolly,de,Froh
bdsp,jolly,es,Alegre
bdsp,jolly,ko,명랑
bdsp,jolly,zh-simp,爽朗
bdsp,jolly,zh-trad,爽朗
bdsp,naive,jp-kana,むじゃき
bdsp,naive,jp-kanji,むじゃき
bdsp,naive,en,Naive
bdsp,naive,fr,Naïf
bdsp,naive,it,Ingenua
bdsp,naive,de,Naiv
bdsp,naive,es,Ingenua
bdsp,naive,ko,천진난만
bdsp,naive,zh-simp,天真
bdsp,naive,zh-trad,天真
bdsp,modest,jp-kana,ひかえめ
bdsp,modest,jp-kanji,ひかえめ
bdsp,modest,en,Modest
bdsp,modest,fr,Modeste
bdsp,modest,it,Modesta
bdsp,modest,de,Mäßig
bdsp,modest,es,Modesta
bdsp,modest,ko,조심
bdsp,modest,zh-simp,内敛
bdsp,modest,zh-trad,內斂
bdsp,mild,jp-kana,おっとり
bdsp,mild,jp-kanji,おっとり
bdsp,mild,en,Mild
bdsp,mild,fr,Doux
bdsp,mild,it,Mite
bdsp,mild,de,Mild
bdsp,mild,es,Afable
bdsp,mild,ko,의젓
bdsp,mild,zh-simp,慢吞吞
bdsp,mild,zh-trad,慢吞吞
bdsp,quiet,jp-kana,れいせい
bdsp,quiet,jp-kanji,れいせい
bdsp,quiet,en,Quiet
bdsp,quiet,fr,Discret
bdsp,quiet,it,Quieta
bdsp,quiet,de,Ruhig
bdsp,quiet,es,Mansa
bdsp,quiet,ko,냉정
bdsp,quiet,zh-simp,冷静
bdsp,quiet,zh-trad,冷靜
bdsp,bashful,jp-kana,てれや
bdsp,bashful,jp-kanji,てれや
bdsp,bashful,en,Bashful
bdsp,bashful,fr,Pudique
bdsp,bashful,it,Ritrosa
bdsp,bashful,de,Zaghaft
bdsp,bashful,es,Tímida
bdsp,bashful,ko,수줍음
bdsp,bashful,zh-simp,害羞
bdsp,bashful,zh-trad,害羞
bdsp,rash,jp-kana,うっかりや
bdsp,rash,jp-kanji,うっかりや
bdsp,rash,en,Rash
bdsp,rash,fr,Foufou
bdsp,rash,it,Ardente
bdsp,rash,de,Hitzig
bdsp,rash,es,Alocada
bdsp,rash,ko,덜렁
bdsp,rash,zh-simp,马虎
bdsp,rash,zh-trad,馬虎
bdsp,calm,jp-kana,おだやか
bdsp,calm,jp-kanji,おだやか
bdsp,calm,en,Calm
bdsp,calm,fr,Calme
bdsp,calm,it,Calma
bdsp,calm,de,Still
bdsp,calm,es,Serena
bdsp,calm,ko,차분
bdsp,calm,zh-simp,温和
bdsp,calm,zh-trad,溫和
bdsp,gentle,jp-kana,おとなしい
bdsp,gentle,jp-kanji,おとなしい
bdsp,gentle,en,Gentle
bdsp,gentle,fr,Gentil
bdsp,gentle,it,Gentile
bdsp,gentle,de,Zart
bdsp,gentle,es,Amable
bdsp,gentle,ko,얌전
bdsp,gentle,zh-simp,温顺
bdsp,gentle,zh-trad,溫順
bdsp,sassy,jp-kana,なまいき
bdsp,sassy,jp-kanji,なまいき
bdsp,sassy,en,Sassy
bdsp,sassy,fr,Malpoli
bdsp,sassy,it,Vivace
bdsp,sassy,de,Forsch
bdsp,sassy,es,Grosera
bdsp,sassy,ko,건방
bdsp,sassy,zh-simp,自大
bdsp,sassy,zh-trad,自大
bdsp,careful,jp-kana,しんちょう
bdsp,careful,jp-kanji,しんちょう
bdsp,careful,en,Careful
bdsp,careful,fr,Prudent
bdsp,careful,it,Cauta
bdsp,careful,de,Sacht
bdsp,careful,es,Cauta
bdsp,careful,ko,신중
bdsp,careful,zh-simp,慎重
bdsp,careful,zh-trad,慎重
bdsp,quirky,jp-kana,きまぐれ
bdsp,quirky,jp-kanji,きまぐれ
bdsp,quirky,en,Quirky
bdsp,quirky,fr,Bizarre
bdsp,quirky,it,Furba
bdsp,quirky,de,Kauzig
bdsp,quirky,es,Rara
bdsp,quirky,ko,변덕
bdsp,quirky,zh-simp,浮躁
bdsp,quirky,zh-trad,浮躁
la,hardy,jp-kanji,がんばりや
la,hardy,en,Hardy
la,hardy,fr,Hardi
la,hardy,it,Ardita
la,hardy,de,Robust
la,hardy,es,Fuerte
la,hardy,ko,노력
la,hardy,zh-simp,勤奋
la,hardy,zh-trad,勤奮
la,lonely,jp-kanji,さみしがり
la,lonely,en,Lonely
la,lonely,fr,Solo
la,lonely,it,Schiva
la,lonely,de,Solo
la,lonely,es,Huraña
la,lonely,ko,외로움
la,lonely,zh-simp,怕寂寞
la,lonely,zh-trad,怕寂寞
la,brave,jp-kanji,ゆうかん
la,brave,en,Brave
la,brave,fr,Brave
la,brave,it,Audace
la,brave,de,Mutig
la,brave,es,Audaz
la,brave,ko,용감
la,brave,zh-simp,勇敢
la,brave,zh-trad,勇敢
la,adamant,jp-kanji,いじっぱり
la,adamant,en,Adamant
la,adamant,fr,Rigide
la,adamant,it,Decisa
la,adamant,de,Hart
la,adamant,es,Firme
la,adamant,ko,고집
la,adamant,zh-simp,固执
la,adamant,zh-trad,固執
la,naughty,jp-kanji,やんちゃ
la,naughty,en,Naughty
la,naughty,fr,Mauvais
la,naughty,it,Birbona
la,naughty,de,Frech
la,naughty,es,Pícara
la,naughty,ko,개구쟁이
la,naughty,zh-simp,顽皮
la,naughty,zh-trad,頑皮
la,bold,jp-kanji,ずぶとい
la,bold,en,Bold
la,bold,fr,Assuré
la,bold,it,Sicura
la,bold,de,Kühn
la,bold,es,Osada
la,bold,ko,대담
la,bold,zh-simp,大胆
la,bold,zh-trad,大膽
la,docile,jp-kanji,すなお
la,docile,en,Docile
la,docile,fr,Docile
la,docile,it,Docile
la,docile,de,Sanft
la,docile,es,Dócil
la,docile,ko,온순
la,docile,zh-simp,坦率
la,docile,zh-trad,坦率
la,relaxed,jp-kanji,のんき
la,relaxed,en,Relaxed
la,relaxed,fr,Relax
la,relaxed,it,Placida
la,relaxed,de,Locker
la,relaxed,es,Plácida
la,relaxed,ko,무사태평
la,relaxed,zh-simp,悠闲
la,relaxed,zh-trad,悠閒
la,impish,jp-kanji,わんぱく
la,impish,en,Impish
la,impish,fr,Malin
la,impish,it,Scaltra
la,impish,de,Pfiffig
la,impish,es,Agitada
la,impish,ko,장난꾸러기
la,impish,zh-simp,淘气
la,impish,zh-trad,淘氣
la,lax,jp-kanji,のうてんき
la,lax,en,Lax
la,lax,fr,Lâche
la,lax,it,Fiacca
la,lax,de,Lasch
la,lax,es,Floja
la,lax,ko,촐랑
la,lax,zh-simp,乐天
la,lax,zh-trad,樂天
la,timid,jp-kanji,おくびょう
la,timid,en,Timid
la,timid,fr,Timide
la,timid,it,Timida
la,timid,de,Scheu
la,timid,es,Miedosa
la,timid,ko,겁쟁이
la,timid,zh-simp,胆小
la,timid,zh-trad,膽小
la,hasty,jp-kanji,せっかち
la,hasty,en,Hasty
la,hasty,fr,Pressé
la,hasty,it,Lesta
la,hasty,de,Hastig
la,hasty,es,Activa
la,hasty,ko,성급
la,hasty,zh-simp,急躁
la,hasty,zh-trad,急躁
la,serious,jp-kanji,まじめ
la,serious,en,Serious
la,serious,fr,Sérieux
la,serious,it,Seria
la,serious,de,Ernst
la,serious,es,Seria
la,serious,ko,성실
la,serious,zh-simp,认真
la,serious,zh-trad,認真
la,jolly,jp-kanji,ようき
la,jolly,en,Jolly
la,jolly,fr,Jovial
la,jolly,it,Allegra
la,jolly,de,Froh
la,jolly,es,Alegre
la,jolly,ko,명랑
la,jolly,zh-simp,爽朗
la,jolly,zh-trad,爽朗
la,naive,jp-kanji,むじゃき
la,naive,en,Naive
la,naive,fr,Naïf
la,naive,it,Ingenua
la,naive,de,Naiv
la,naive,es,Ingenua
la,naive,ko,천진난만
la,naive,zh-simp,天真
la,naive,zh-trad,天真
la,modest,jp-kanji,ひかえめ
la,modest,en,Modest
la,modest,fr,Modeste
la,modest,it,Modesta
la,modest,de,Mäßig
la,modest,es,Modesta
la,modest,ko,조심
la,modest,zh-simp,内敛
la,modest,zh-trad,內斂
la,mild,jp-kanji,おっとり
la,mild,en,Mild
la,mild,fr,Doux
la,mild,it,Mite
la,mild,de,Mild
la,mild,es,Afable
la,mild,ko,의젓
la,mild,zh-simp,慢吞吞
la,mild,zh-trad,慢吞吞
la,quiet,jp-kanji,れいせい
la,quiet,en,Quiet
la,quiet,fr,Discret
la,quiet,it,Quieta
la,quiet,de,Ruhig
la,quiet,es,Mansa
la,quiet,ko,냉정
la,quiet,zh-simp,冷静
la,quiet,zh-trad,冷靜
la,bashful,jp-kanji,てれや
la,bashful,en,Bashful
la,bashful,fr,Pudique
la,bashful,it,Ritrosa
la,bashful,de,Zaghaft
la,bashful,es,Tímida
la,bashful,ko,수줍음
la,bashful,zh-simp,害羞
la,bashful,zh-trad,害羞
la,rash,jp-kanji,うっかりや
la,rash,en,Rash
la,rash,fr,Foufou
la,rash,it,Ardente
la,rash,de,Hitzig
la,rash,es,Alocada
la,rash,ko,덜렁
la,rash,zh-simp,马虎
la,rash,zh-trad,馬虎
la,calm,jp-kanji,おだやか
la,calm,en,Calm
la,calm,fr,Calme
la,calm,it,Calma
la,calm,de,Still
la,calm,es,Serena
la,calm,ko,차분
la,calm,zh-simp,温和
la,calm,zh-trad,溫和
la,gentle,jp-kanji,おとなしい
la,gentle,en,Gentle
la,gentle,fr,Gentil
la,gentle,it,Gentile
la,gentle,de,Zart
la,gentle,es,Amable
la,gentle,ko,얌전
la,gentle,zh-simp,温顺
la,gentle,zh-trad,溫順
la,sassy,jp-kanji,なまいき
la,sassy,en,Sassy
la,sassy,fr,Malpoli
la,sassy,it,Vivace
la,sassy,de,Forsch
la,sassy,es,Grosera
la,sassy,ko,건방
la,sassy,zh-simp,自大
la,sassy,zh-trad,自大
la,careful,jp-kanji,しんちょう
la,careful,en,Careful
la,careful,fr,Prudent
la,careful,it,Cauta
la,careful,de,Sacht
la,careful,es,Cauta
la,careful,ko,신중
la,careful,zh-simp,慎重
la,careful,zh-trad,慎重
la,quirky,jp-kanji,きまぐれ
la,quirky,en,Quirky
la,quirky,fr,Bizarre
la,quirky,it,Furba
la,quirky,de,Kauzig
la,quirky,es,Rara
la,quirky,ko,변덕
la,quirky,zh-simp,浮躁
la,quirky,zh-trad,浮躁
sv,hardy,jp-kana,がんばりや
sv,hardy,jp-kanji,がんばりや
sv,hardy,en,Hardy
sv,hardy,fr,Hardi
sv,hardy,it,Ardita
sv,hardy,de,Robust
sv,hardy,es,Fuerte
sv,hardy,ko,노력
sv,hardy,zh-simp,勤奋
sv,hardy,zh-trad,勤奮
sv,lonely,jp-kana,さみしがり
sv,lonely,jp-kanji,さみしがり
sv,lonely,en,Lonely
sv,lonely,fr,Solo
sv,lonely,it,Schiva
sv,lonely,de,Solo
sv,lonely,es,Huraña
sv,lonely,ko,외로움
sv,lonely,zh-simp,怕寂寞
sv,lonely,zh-trad,怕寂寞
sv,brave,jp-kana,ゆうかん
sv,brave,jp-kanji,ゆうかん
sv,brave,en,Brave
sv,brave,fr,Brave
sv,brave,it,Audace
sv,brave,de,Mutig
sv,brave,es,Audaz
sv,brave,ko,용감
sv,brave,zh-simp,勇敢
sv,brave,zh-trad,勇敢
sv,adamant,jp-kana,いじっぱり
sv,adamant,jp-kanji,いじっぱり
sv,adamant,en,Adamant
sv,adamant,fr,Rigide
sv,adamant,it,Decisa
sv,adamant,de,Hart
sv,adamant,es,Firme
sv,adamant,ko,고집
sv,adamant,zh-simp,固执
sv,adamant,zh-trad,固執
sv,naughty,jp-kana,やんちゃ
sv,naughty,jp-kanji,やんちゃ
sv,naughty,en,Naughty
sv,naughty,fr,Mauvais
sv,naughty,it,Birbona
sv,naughty,de,Frech
sv,naughty,es,Pícara
sv,naughty,ko,개구쟁이
sv,naughty,zh-simp,顽皮
sv,naughty,zh-trad,頑皮
sv,bold,jp-kana,ずぶとい
sv,bold,jp-kanji,ずぶとい
sv,bold,en,Bold
sv,bold,fr,Assuré
sv,bold,it,Sicura
sv,bold,de,Kühn
sv,bold,es,Osada
sv,bold,ko,대담
sv,bold,zh-simp,大胆
sv,bold,zh-trad,大膽
sv,docile,jp-kana,すなお
sv,docile,jp-kanji,すなお
sv,docile,en,Docile
sv,docile,fr,Docile
sv,docile,it,Docile
sv,docile,de,Sanft
sv,docile,es,Dócil
sv,docile,ko,온순
sv,docile,zh-simp,坦率
sv,docile,zh-trad,坦率
sv,relaxed,jp-kana,のんき
sv,relaxed,jp-kanji,のんき
sv,relaxed,en,Relaxed
sv,relaxed,fr,Relax
sv,relaxed,it,Placida
sv,relaxed,de,Locker
sv,relaxed,es,Plácida
sv,relaxed,ko,무사태평
sv,relaxed,zh-simp,悠闲
sv,relaxed,zh-trad,悠閒
sv,impish,jp-kana,わんぱく
sv,impish,jp-kanji,わんぱく
sv,impish,en,Impish
sv,impish,fr,Malin
sv,impish,it,Scaltra
sv,impish,de,Pfiffig
sv,impish,es,Agitada
sv,impish,ko,장난꾸러기
sv,impish,zh-simp,淘气
sv,impish,zh-trad,淘氣
sv,lax,jp-kana,のうてんき
sv,lax,jp-kanji,のうてんき
sv,lax,en,Lax
sv,lax,fr,Lâche
sv,lax,it,Fiacca
sv,lax,de,Lasch
sv,lax,es,Floja
sv,lax,ko,촐랑
sv,lax,zh-simp,乐天
sv,lax,zh-trad,樂天
sv,timid,jp-kana,おくびょう
sv,timid,jp-kanji,おくびょう
sv,timid,en,Timid
sv,timid,fr,Timide
sv,timid,it,Timida
sv,timid,de,Scheu
sv,timid,es,Miedosa
sv,timid,ko,겁쟁이
sv,timid,zh-simp,胆小
sv,timid,zh-trad,膽小
sv,hasty,jp-kana,せっかち
sv,hasty,jp-kanji,せっかち
sv,hasty,en,Hasty
sv,hasty,fr,Pressé
sv,hasty,it,Lesta
sv,hasty,de,Hastig
sv,hasty,es,Activa
sv,hasty,ko,성급
sv,hasty,zh-simp,急躁
sv,hasty,zh-trad,急躁
sv,serious,jp-kana,まじめ
sv,serious,jp-kanji,まじめ
sv,serious,en,Serious
sv,serious,fr,Sérieux
sv,serious,it,Seria
sv,serious,de,Ernst
sv,serious,es,Seria
sv,serious,ko,성실
sv,serious,zh-simp,认真
sv,serious,zh-trad,認真
sv,jolly,jp-kana,ようき
sv,jolly,jp-kanji,ようき
sv,jolly,en,Jolly
sv,jolly,fr,Jovial
sv,jolly,it,Allegra
sv,jolly,de,Froh
sv,jolly,es,Alegre
sv,jolly,ko,명랑
sv,jolly,zh-simp,爽朗
sv,jolly,zh-trad,爽朗
sv,naive,jp-kana,むじゃき
sv,naive,jp-kanji,むじゃき
sv,naive,en,Naive
sv,naive,fr,Naïf
sv,naive,it,Ingenua
sv,naive,de,Naiv
sv,naive,es,Ingenua
sv,naive,ko,천진난만
sv,naive,zh-simp,天真
sv,naive,zh-trad,天真
sv,modest,jp-kana,ひかえめ
sv,modest,jp-kanji,ひかえめ
sv,modest,en,Modest
sv,modest,fr,Modeste
sv,modest,it,Modesta
sv,modest,de,Mäßig
sv,modest,es,Modesta
sv,modest,ko,조심
sv,modest,zh-simp,内敛
sv,modest,zh-trad,內斂
sv,mild,jp-kana,おっとり
sv,mild,jp-kanji,おっとり
sv,mild,en,Mild
sv,mild,fr,Doux
sv,mild,it,Mite
sv,mild,de,Mild
sv,mild,es,Afable
sv,mild,ko,의젓
sv,mild,zh-simp,慢吞吞
sv,mild,zh-trad,慢吞吞
sv,quiet,jp-kana,れいせい
sv,quiet,jp-kanji,れいせい
sv,quiet,en,Quiet
sv,quiet,fr,Discret
sv,quiet,it,Quieta
sv,quiet,de,Ruhig
sv,quiet,es,Mansa
sv,quiet,ko,냉정
sv,quiet,zh-simp,冷静
sv,quiet,zh-trad,冷靜
sv,bashful,jp-kana,てれや
sv,bashful,jp-kanji,てれや
sv,bashful,en,Bashful
sv,bashful,fr,Pudique
sv,bashful,it,Ritrosa
sv,bashful,de,Zaghaft
sv,bashful,es,Tímida
sv,bashful,ko,수줍음
sv,bashful,zh-simp,害羞
sv,bashful,zh-trad,害羞
sv,rash,jp-kana,うっかりや
sv,rash,jp-kanji,うっかりや
sv,rash,en,Rash
sv,rash,fr,Foufou
sv,rash,it,Ardente
sv,rash,de,Hitzig
sv,rash,es,Alocada
sv,rash,ko,덜렁
sv,rash,zh-simp,马虎
sv,rash,zh-trad,馬虎
sv,calm,jp-kana,おだやか
sv,calm,jp-kanji,おだやか
sv,calm,en,Calm
sv,calm,fr,Calme
sv,calm,it,Calma
sv,calm,de,Still
sv,calm,es,Serena
sv,calm,ko,차분
sv,calm,zh-simp,温和
sv,calm,zh-trad,溫和
sv,gentle,jp-kana,おとなしい
sv,gentle,jp-kanji,おとなしい
sv,gentle,en,Gentle
sv,gentle,fr,Gentil
sv,gentle,it,Gentile
sv,gentle,de,Zart
sv,gentle,es,Amable
sv,gentle,ko,얌전
sv,gentle,zh-simp,温顺
sv,gentle,zh-trad,溫順
sv,sassy,jp-kana,なまいき
sv,sassy,jp-kanji,なまいき
sv,sassy,en,Sassy
sv,sassy,fr,Malpoli
sv,sassy,it,Vivace
sv,sassy,de,Forsch
sv,sassy,es,Grosera
sv,sassy,ko,건방
sv,sassy,zh-simp,自大
sv,sassy,zh-trad,自大
sv,careful,jp-kana,しんちょう
sv,careful,jp-kanji,しんちょう
sv,careful,en,Careful
sv,careful,fr,Prudent
sv,careful,it,Cauta
sv,careful,de,Sacht
sv,careful,es,Cauta
sv,careful,ko,신중
sv,careful,zh-simp,慎重
sv,careful,zh-trad,慎重
sv,quirky,jp-kana,きまぐれ
sv,quirky,jp-kanji,きまぐれ
sv,quirky,en,Quirky
sv,quirky,fr,Bizarre
sv,quirky,it,Furba
sv,quirky,de,Kauzig
sv,quirky,es,Rara
sv,quirky,ko,변덕
sv,quirky,zh-simp,浮躁
sv,quirky,zh-trad,浮躁
