pokemon_identifier,slot,ability_identifier
bulbasaur,1,overgrow
bulbasaur,h,chlorophyll
ivysaur,1,overgrow
ivysaur,h,chlorophyll
venusaur,1,overgrow
venusaur,h,chlorophyll
venusaur-mega,1,thick-fat
charmander,1,blaze
charmander,h,solar-power
charmeleon,1,blaze
charmeleon,h,solar-power
charizard,1,blaze
charizard,h,solar-power
charizard-mega-x,1,tough-claws
charizard-mega-y,1,drought
squirtle,1,torrent
squirtle,h,rain-dish
wartortle,1,torrent
wartortle,h,rain-dish
blastoise,1,torrent
blastoise,h,rain-dish
blastoise-mega,1,mega-launcher
caterpie,1,shield-dust
caterpie,h,run-away
metapod,1,shed-skin
butterfree,1,compound-eyes
butterfree,h,tinted-lens
weedle,1,shield-dust
weedle,h,run-away
kakuna,1,shed-skin
beedrill,1,swarm
beedrill,h,sniper
beedrill-mega,1,adaptability
pidgey,1,keen-eye
pidgey,2,tangled-feet
pidgey,h,big-pecks
pidgeotto,1,keen-eye
pidgeotto,2,tangled-feet
pidgeotto,h,big-pecks
pidgeot,1,keen-eye
pidgeot,2,tangled-feet
pidgeot,h,big-pecks
pidgeot-mega,1,no-guard
rattata,1,run-away
rattata,2,guts
rattata,h,hustle
rattata-alolan-form,1,gluttony
rattata-alolan-form,2,hustle
rattata-alolan-form,h,thick-fat
raticate,1,run-away
raticate,2,guts
raticate,h,hustle
raticate-alolan-form,1,gluttony
raticate-alolan-form,2,hustle
raticate-alolan-form,h,thick-fat
raticate-alolan-form-totem,1,gluttony
raticate-alolan-form-totem,2,hustle
raticate-alolan-form-totem,h,thick-fat
spearow,1,keen-eye
spearow,h,sniper
fearow,1,keen-eye
fearow,h,sniper
ekans,1,intimidate
ekans,2,shed-skin
ekans,h,unnerve
arbok,1,intimidate
arbok,2,shed-skin
arbok,h,unnerve
pikachu,1,static
pikachu,h,lightning-rod
pikachu-rock-star,1,static
pikachu-rock-star,h,lightning-rod
pikachu-belle,1,static
pikachu-belle,h,lightning-rod
pikachu-pop-star,1,static
pikachu-pop-star,h,lightning-rod
pikachu-phd,1,static
pikachu-phd,h,lightning-rod
pikachu-libre,1,static
pikachu-libre,h,lightning-rod
pikachu-cosplay,1,static
pikachu-cosplay,h,lightning-rod
pikachu-original-cap,1,static
pikachu-original-cap,h,lightning-rod
pikachu-hoenn-cap,1,static
pikachu-hoenn-cap,h,lightning-rod
pikachu-sinnoh-cap,1,static
pikachu-sinnoh-cap,h,lightning-rod
pikachu-unova-cap,1,static
pikachu-unova-cap,h,lightning-rod
pikachu-kalos-cap,1,static
pikachu-kalos-cap,h,lightning-rod
pikachu-alola-cap,1,static
pikachu-alola-cap,h,lightning-rod
pikachu-partner-cap,1,static
pikachu-partner-cap,h,lightning-rod
pikachu-partner,1,static
pikachu-partner,h,lightning-rod
pikachu-world-cap,1,static
pikachu-world-cap,h,lightning-rod
raichu,1,static
raichu,h,lightning-rod
raichu-alolan-form,1,surge-surfer
sandshrew,1,sand-veil
sandshrew,h,sand-rush
sandshrew-alolan-form,1,snow-cloak
sandshrew-alolan-form,h,slush-rush
sandslash,1,sand-veil
sandslash,h,sand-rush
sandslash-alolan-form,1,snow-cloak
sandslash-alolan-form,h,slush-rush
nidoran-f,1,poison-point
nidoran-f,2,rivalry
nidoran-f,h,hustle
nidorina,1,poison-point
nidorina,2,rivalry
nidorina,h,hustle
nidoqueen,1,poison-point
nidoqueen,2,rivalry
nidoqueen,h,sheer-force
nidoran-m,1,poison-point
nidoran-m,2,rivalry
nidoran-m,h,hustle
nidorino,1,poison-point
nidorino,2,rivalry
nidorino,h,hustle
nidoking,1,poison-point
nidoking,2,rivalry
nidoking,h,sheer-force
clefairy,1,cute-charm
clefairy,2,magic-guard
clefairy,h,friend-guard
clefable,1,cute-charm
clefable,2,magic-guard
clefable,h,unaware
vulpix,1,flash-fire
vulpix,h,drought
vulpix-alolan-form,1,snow-cloak
vulpix-alolan-form,h,snow-warning
ninetales,1,flash-fire
ninetales,h,drought
ninetales-alolan-form,1,snow-cloak
ninetales-alolan-form,h,snow-warning
jigglypuff,1,cute-charm
jigglypuff,2,competitive
jigglypuff,h,friend-guard
wigglytuff,1,cute-charm
wigglytuff,2,competitive
wigglytuff,h,frisk
zubat,1,inner-focus
zubat,h,infiltrator
golbat,1,inner-focus
golbat,h,infiltrator
oddish,1,chlorophyll
oddish,h,run-away
gloom,1,chlorophyll
gloom,h,stench
vileplume,1,chlorophyll
vileplume,h,effect-spore
paras,1,effect-spore
paras,2,dry-skin
paras,h,damp
parasect,1,effect-spore
parasect,2,dry-skin
parasect,h,damp
venonat,1,compound-eyes
venonat,2,tinted-lens
venonat,h,run-away
venomoth,1,shield-dust
venomoth,2,tinted-lens
venomoth,h,wonder-skin
diglett,1,sand-veil
diglett,2,arena-trap
diglett,h,sand-force
diglett-alolan-form,1,sand-veil
diglett-alolan-form,2,tangling-hair
diglett-alolan-form,h,sand-force
dugtrio,1,sand-veil
dugtrio,2,arena-trap
dugtrio,h,sand-force
dugtrio-alolan-form,1,sand-veil
dugtrio-alolan-form,2,tangling-hair
dugtrio-alolan-form,h,sand-force
meowth,1,pickup
meowth,2,technician
meowth,h,unnerve
meowth-alolan-form,1,pickup
meowth-alolan-form,2,technician
meowth-alolan-form,h,rattled
meowth-galarian-form,1,pickup
meowth-galarian-form,2,tough-claws
meowth-galarian-form,h,unnerve
persian,1,limber
persian,2,technician
persian,h,unnerve
persian-alolan-form,1,fur-coat
persian-alolan-form,2,technician
persian-alolan-form,h,rattled
psyduck,1,damp
psyduck,2,cloud-nine
psyduck,h,swift-swim
golduck,1,damp
golduck,2,cloud-nine
golduck,h,swift-swim
mankey,1,vital-spirit
mankey,2,anger-point
mankey,h,defiant
primeape,1,vital-spirit
primeape,2,anger-point
primeape,h,defiant
growlithe,1,intimidate
growlithe,2,flash-fire
growlithe,h,justified
growlithe-hisuian-form,1,intimidate
growlithe-hisuian-form,2,flash-fire
growlithe-hisuian-form,h,rock-head
arcanine,1,intimidate
arcanine,2,flash-fire
arcanine,h,justified
arcanine-hisuian-form,1,intimidate
arcanine-hisuian-form,2,flash-fire
arcanine-hisuian-form,h,rock-head
arcanine-lord-form,1,intimidate
arcanine-lord-form,2,flash-fire
arcanine-lord-form,h,justified
poliwag,1,water-absorb
poliwag,2,damp
poliwag,h,swift-swim
poliwhirl,1,water-absorb
poliwhirl,2,damp
poliwhirl,h,swift-swim
poliwrath,1,water-absorb
poliwrath,2,damp
poliwrath,h,swift-swim
abra,1,synchronize
abra,2,inner-focus
abra,h,magic-guard
kadabra,1,synchronize
kadabra,2,inner-focus
kadabra,h,magic-guard
alakazam,1,synchronize
alakazam,2,inner-focus
alakazam,h,magic-guard
alakazam-mega,1,trace
machop,1,guts
machop,2,no-guard
machop,h,steadfast
machoke,1,guts
machoke,2,no-guard
machoke,h,steadfast
machamp,1,guts
machamp,2,no-guard
machamp,h,steadfast
bellsprout,1,chlorophyll
bellsprout,h,gluttony
weepinbell,1,chlorophyll
weepinbell,h,gluttony
victreebel,1,chlorophyll
victreebel,h,gluttony
tentacool,1,clear-body
tentacool,2,liquid-ooze
tentacool,h,rain-dish
tentacruel,1,clear-body
tentacruel,2,liquid-ooze
tentacruel,h,rain-dish
geodude,1,rock-head
geodude,2,sturdy
geodude,h,sand-veil
geodude-alolan-form,1,magnet-pull
geodude-alolan-form,2,sturdy
geodude-alolan-form,h,galvanize
graveler,1,rock-head
graveler,2,sturdy
graveler,h,sand-veil
graveler-alolan-form,1,magnet-pull
graveler-alolan-form,2,sturdy
graveler-alolan-form,h,galvanize
golem,1,rock-head
golem,2,sturdy
golem,h,sand-veil
golem-alolan-form,1,magnet-pull
golem-alolan-form,2,sturdy
golem-alolan-form,h,galvanize
ponyta,1,run-away
ponyta,2,flash-fire
ponyta,h,flame-body
ponyta-galarian-form,1,run-away
ponyta-galarian-form,2,pastel-veil
ponyta-galarian-form,h,anticipation
rapidash,1,run-away
rapidash,2,flash-fire
rapidash,h,flame-body
rapidash-galarian-form,1,run-away
rapidash-galarian-form,2,pastel-veil
rapidash-galarian-form,h,anticipation
slowpoke,1,oblivious
slowpoke,2,own-tempo
slowpoke,h,regenerator
slowpoke-galarian-form,1,gluttony
slowpoke-galarian-form,2,own-tempo
slowpoke-galarian-form,h,regenerator
slowbro,1,oblivious
slowbro,2,own-tempo
slowbro,h,regenerator
slowbro-mega,1,shell-armor
slowbro-galarian-form,1,quick-draw
slowbro-galarian-form,2,own-tempo
slowbro-galarian-form,h,regenerator
magnemite,1,magnet-pull
magnemite,2,sturdy
magnemite,h,analytic
magneton,1,magnet-pull
magneton,2,sturdy
magneton,h,analytic
farfetchd,1,keen-eye
farfetchd,2,inner-focus
farfetchd,h,defiant
farfetchd-galarian-form,1,steadfast
farfetchd-galarian-form,h,scrappy
doduo,1,run-away
doduo,2,early-bird
doduo,h,tangled-feet
dodrio,1,run-away
dodrio,2,early-bird
dodrio,h,tangled-feet
seel,1,thick-fat
seel,2,hydration
seel,h,ice-body
dewgong,1,thick-fat
dewgong,2,hydration
dewgong,h,ice-body
grimer,1,stench
grimer,2,sticky-hold
grimer,h,poison-touch
grimer-alolan-form,1,poison-touch
grimer-alolan-form,2,gluttony
grimer-alolan-form,h,power-of-alchemy
muk,1,stench
muk,2,sticky-hold
muk,h,poison-touch
muk-alolan-form,1,poison-touch
muk-alolan-form,2,gluttony
muk-alolan-form,h,power-of-alchemy
shellder,1,shell-armor
shellder,2,skill-link
shellder,h,overcoat
cloyster,1,shell-armor
cloyster,2,skill-link
cloyster,h,overcoat
gastly,1,levitate
haunter,1,levitate
gengar,1,cursed-body
gengar-mega,1,shadow-tag
onix,1,rock-head
onix,2,sturdy
onix,h,weak-armor
drowzee,1,insomnia
drowzee,2,forewarn
drowzee,h,inner-focus
hypno,1,insomnia
hypno,2,forewarn
hypno,h,inner-focus
krabby,1,hyper-cutter
krabby,2,shell-armor
krabby,h,sheer-force
kingler,1,hyper-cutter
kingler,2,shell-armor
kingler,h,sheer-force
voltorb,1,soundproof
voltorb,2,static
voltorb,h,aftermath
voltorb-hisuian-form,1,soundproof
voltorb-hisuian-form,2,static
voltorb-hisuian-form,h,aftermath
electrode,1,soundproof
electrode,2,static
electrode,h,aftermath
electrode-hisuian-form,1,soundproof
electrode-hisuian-form,2,static
electrode-hisuian-form,h,aftermath
electrode-lord-form,1,soundproof
electrode-lord-form,2,static
electrode-lord-form,h,aftermath
exeggcute,1,chlorophyll
exeggcute,h,harvest
exeggutor,1,chlorophyll
exeggutor,h,harvest
exeggutor-alolan-form,1,frisk
exeggutor-alolan-form,h,harvest
cubone,1,rock-head
cubone,2,lightning-rod
cubone,h,battle-armor
marowak,1,rock-head
marowak,2,lightning-rod
marowak,h,battle-armor
marowak-alolan-form,1,cursed-body
marowak-alolan-form,2,lightning-rod
marowak-alolan-form,h,rock-head
marowak-alolan-form-totem,1,cursed-body
marowak-alolan-form-totem,2,lightning-rod
marowak-alolan-form-totem,h,rock-head
hitmonlee,1,limber
hitmonlee,2,reckless
hitmonlee,h,unburden
hitmonchan,1,keen-eye
hitmonchan,2,iron-fist
hitmonchan,h,inner-focus
lickitung,1,own-tempo
lickitung,2,oblivious
lickitung,h,cloud-nine
koffing,1,levitate
koffing,2,neutralizing-gas
koffing,h,stench
weezing,1,levitate
weezing,2,neutralizing-gas
weezing,h,stench
weezing-galarian-form,1,levitate
weezing-galarian-form,2,neutralizing-gas
weezing-galarian-form,h,misty-surge
rhyhorn,1,lightning-rod
rhyhorn,2,rock-head
rhyhorn,h,reckless
rhydon,1,lightning-rod
rhydon,2,rock-head
rhydon,h,reckless
chansey,1,natural-cure
chansey,2,serene-grace
chansey,h,healer
tangela,1,chlorophyll
tangela,2,leaf-guard
tangela,h,regenerator
kangaskhan,1,early-bird
kangaskhan,2,scrappy
kangaskhan,h,inner-focus
kangaskhan-mega,1,parental-bond
horsea,1,swift-swim
horsea,2,sniper
horsea,h,damp
seadra,1,poison-point
seadra,2,sniper
seadra,h,damp
goldeen,1,swift-swim
goldeen,2,water-veil
goldeen,h,lightning-rod
seaking,1,swift-swim
seaking,2,water-veil
seaking,h,lightning-rod
staryu,1,illuminate
staryu,2,natural-cure
staryu,h,analytic
starmie,1,illuminate
starmie,2,natural-cure
starmie,h,analytic
mr-mime,1,soundproof
mr-mime,2,filter
mr-mime,h,technician
mr-mime-galarian-form,1,vital-spirit
mr-mime-galarian-form,2,screen-cleaner
mr-mime-galarian-form,h,ice-body
scyther,1,swarm
scyther,2,technician
scyther,h,steadfast
jynx,1,oblivious
jynx,2,forewarn
jynx,h,dry-skin
electabuzz,1,static
electabuzz,h,vital-spirit
magmar,1,flame-body
magmar,h,vital-spirit
pinsir,1,hyper-cutter
pinsir,2,mold-breaker
pinsir,h,moxie
pinsir-mega,1,aerilate
tauros,1,intimidate
tauros,2,anger-point
tauros,h,sheer-force
tauros-paldean-form-combat-breed,1,intimidate
tauros-paldean-form-combat-breed,2,anger-point
tauros-paldean-form-combat-breed,h,cud-chew
tauros-paldean-form-blaze-breed,1,intimidate
tauros-paldean-form-blaze-breed,2,anger-point
tauros-paldean-form-blaze-breed,h,cud-chew
tauros-paldean-form-aqua-breed,1,intimidate
tauros-paldean-form-aqua-breed,2,anger-point
tauros-paldean-form-aqua-breed,h,cud-chew
magikarp,1,swift-swim
magikarp,h,rattled
gyarados,1,intimidate
gyarados,h,moxie
gyarados-mega,1,mold-breaker
lapras,1,water-absorb
lapras,2,shell-armor
lapras,h,hydration
ditto,1,limber
ditto,h,imposter
eevee,1,run-away
eevee,2,adaptability
eevee,h,anticipation
eevee-partner,1,run-away
eevee-partner,2,adaptability
eevee-partner,h,anticipation
vaporeon,1,water-absorb
vaporeon,h,hydration
jolteon,1,volt-absorb
jolteon,h,quick-feet
flareon,1,flash-fire
flareon,h,guts
porygon,1,trace
porygon,2,download
porygon,h,analytic
omanyte,1,swift-swim
omanyte,2,shell-armor
omanyte,h,weak-armor
omastar,1,swift-swim
omastar,2,shell-armor
omastar,h,weak-armor
kabuto,1,swift-swim
kabuto,2,battle-armor
kabuto,h,weak-armor
kabutops,1,swift-swim
kabutops,2,battle-armor
kabutops,h,weak-armor
aerodactyl,1,rock-head
aerodactyl,2,pressure
aerodactyl,h,unnerve
aerodactyl-mega,1,tough-claws
snorlax,1,immunity
snorlax,2,thick-fat
snorlax,h,gluttony
articuno,1,pressure
articuno,h,snow-cloak
articuno-galarian-form,1,competitive
zapdos,1,pressure
zapdos,h,static
zapdos-galarian-form,1,defiant
moltres,1,pressure
moltres,h,flame-body
moltres-galarian-form,1,berserk
dratini,1,shed-skin
dratini,h,marvel-scale
dragonair,1,shed-skin
dragonair,h,marvel-scale
dragonite,1,inner-focus
dragonite,h,multiscale
mewtwo,1,pressure
mewtwo,h,unnerve
mewtwo-mega-x,1,steadfast
mewtwo-mega-y,1,insomnia
mew,1,synchronize
chikorita,1,overgrow
chikorita,h,leaf-guard
bayleef,1,overgrow
bayleef,h,leaf-guard
meganium,1,overgrow
meganium,h,leaf-guard
cyndaquil,1,blaze
cyndaquil,h,flash-fire
quilava,1,blaze
quilava,h,flash-fire
typhlosion,1,blaze
typhlosion,h,flash-fire
typhlosion-hisuian-form,1,blaze
typhlosion-hisuian-form,h,frisk
totodile,1,torrent
totodile,h,sheer-force
croconaw,1,torrent
croconaw,h,sheer-force
feraligatr,1,torrent
feraligatr,h,sheer-force
sentret,1,run-away
sentret,2,keen-eye
sentret,h,frisk
furret,1,run-away
furret,2,keen-eye
furret,h,frisk
hoothoot,1,insomnia
hoothoot,2,keen-eye
hoothoot,h,tinted-lens
noctowl,1,insomnia
noctowl,2,keen-eye
noctowl,h,tinted-lens
ledyba,1,swarm
ledyba,2,early-bird
ledyba,h,rattled
ledian,1,swarm
ledian,2,early-bird
ledian,h,iron-fist
spinarak,1,swarm
spinarak,2,insomnia
spinarak,h,sniper
ariados,1,swarm
ariados,2,insomnia
ariados,h,sniper
crobat,1,inner-focus
crobat,h,infiltrator
chinchou,1,volt-absorb
chinchou,2,illuminate
chinchou,h,water-absorb
lanturn,1,volt-absorb
lanturn,2,illuminate
lanturn,h,water-absorb
pichu,1,static
pichu,h,lightning-rod
pichu-spiky-eared,1,static
cleffa,1,cute-charm
cleffa,2,magic-guard
cleffa,h,friend-guard
igglybuff,1,cute-charm
igglybuff,2,competitive
igglybuff,h,friend-guard
togepi,1,hustle
togepi,2,serene-grace
togepi,h,super-luck
togetic,1,hustle
togetic,2,serene-grace
togetic,h,super-luck
natu,1,synchronize
natu,2,early-bird
natu,h,magic-bounce
xatu,1,synchronize
xatu,2,early-bird
xatu,h,magic-bounce
mareep,1,static
mareep,h,plus
flaaffy,1,static
flaaffy,h,plus
ampharos,1,static
ampharos,h,plus
ampharos-mega,1,mold-breaker
bellossom,1,chlorophyll
bellossom,h,healer
marill,1,thick-fat
marill,2,huge-power
marill,h,sap-sipper
azumarill,1,thick-fat
azumarill,2,huge-power
azumarill,h,sap-sipper
sudowoodo,1,sturdy
sudowoodo,2,rock-head
sudowoodo,h,rattled
politoed,1,water-absorb
politoed,2,damp
politoed,h,drizzle
hoppip,1,chlorophyll
hoppip,2,leaf-guard
hoppip,h,infiltrator
skiploom,1,chlorophyll
skiploom,2,leaf-guard
skiploom,h,infiltrator
jumpluff,1,chlorophyll
jumpluff,2,leaf-guard
jumpluff,h,infiltrator
aipom,1,run-away
aipom,2,pickup
aipom,h,skill-link
sunkern,1,chlorophyll
sunkern,2,solar-power
sunkern,h,early-bird
sunflora,1,chlorophyll
sunflora,2,solar-power
sunflora,h,early-bird
yanma,1,speed-boost
yanma,2,compound-eyes
yanma,h,frisk
wooper,1,damp
wooper,2,water-absorb
wooper,h,unaware
wooper-paldean-form,1,poison-point
wooper-paldean-form,2,water-absorb
wooper-paldean-form,h,unaware
quagsire,1,damp
quagsire,2,water-absorb
quagsire,h,unaware
espeon,1,synchronize
espeon,h,magic-bounce
umbreon,1,synchronize
umbreon,h,inner-focus
murkrow,1,insomnia
murkrow,2,super-luck
murkrow,h,prankster
slowking,1,oblivious
slowking,2,own-tempo
slowking,h,regenerator
slowking-galarian-form,1,curious-medicine
slowking-galarian-form,2,own-tempo
slowking-galarian-form,h,regenerator
misdreavus,1,levitate
unown-a,1,levitate
unown-b,1,levitate
unown-c,1,levitate
unown-d,1,levitate
unown-e,1,levitate
unown-f,1,levitate
unown-g,1,levitate
unown-h,1,levitate
unown-i,1,levitate
unown-j,1,levitate
unown-k,1,levitate
unown-l,1,levitate
unown-m,1,levitate
unown-n,1,levitate
unown-o,1,levitate
unown-p,1,levitate
unown-q,1,levitate
unown-r,1,levitate
unown-s,1,levitate
unown-t,1,levitate
unown-u,1,levitate
unown-v,1,levitate
unown-w,1,levitate
unown-x,1,levitate
unown-y,1,levitate
unown-z,1,levitate
unown-exclamation,1,levitate
unown-question,1,levitate
wobbuffet,1,shadow-tag
wobbuffet,h,telepathy
girafarig,1,inner-focus
girafarig,2,early-bird
girafarig,h,sap-sipper
pineco,1,sturdy
pineco,h,overcoat
forretress,1,sturdy
forretress,h,overcoat
dunsparce,1,serene-grace
dunsparce,2,run-away
dunsparce,h,rattled
gligar,1,hyper-cutter
gligar,2,sand-veil
gligar,h,immunity
steelix,1,rock-head
steelix,2,sturdy
steelix,h,sheer-force
steelix-mega,1,sand-force
snubbull,1,intimidate
snubbull,2,run-away
snubbull,h,rattled
granbull,1,intimidate
granbull,2,quick-feet
granbull,h,rattled
qwilfish,1,poison-point
qwilfish,2,swift-swim
qwilfish,h,intimidate
qwilfish-hisuian-form,1,poison-point
qwilfish-hisuian-form,2,swift-swim
qwilfish-hisuian-form,h,intimidate
scizor,1,swarm
scizor,2,technician
scizor,h,light-metal
scizor-mega,1,technician
shuckle,1,sturdy
shuckle,2,gluttony
shuckle,h,contrary
heracross,1,swarm
heracross,2,guts
heracross,h,moxie
heracross-mega,1,skill-link
sneasel,1,inner-focus
sneasel,2,keen-eye
sneasel,h,pickpocket
sneasel-hisuian-form,1,inner-focus
sneasel-hisuian-form,2,keen-eye
sneasel-hisuian-form,h,pickpocket
teddiursa,1,pickup
teddiursa,2,quick-feet
teddiursa,h,honey-gather
ursaring,1,guts
ursaring,2,quick-feet
ursaring,h,unnerve
slugma,1,magma-armor
slugma,2,flame-body
slugma,h,weak-armor
magcargo,1,magma-armor
magcargo,2,flame-body
magcargo,h,weak-armor
swinub,1,oblivious
swinub,2,snow-cloak
swinub,h,thick-fat
piloswine,1,oblivious
piloswine,2,snow-cloak
piloswine,h,thick-fat
corsola,1,hustle
corsola,2,natural-cure
corsola,h,regenerator
corsola-galarian-form,1,weak-armor
corsola-galarian-form,h,cursed-body
remoraid,1,hustle
remoraid,2,sniper
remoraid,h,moody
octillery,1,suction-cups
octillery,2,sniper
octillery,h,moody
delibird,1,vital-spirit
delibird,2,hustle
delibird,h,insomnia
mantine,1,swift-swim
mantine,2,water-absorb
mantine,h,water-veil
skarmory,1,keen-eye
skarmory,2,sturdy
skarmory,h,weak-armor
houndour,1,early-bird
houndour,2,flash-fire
houndour,h,unnerve
houndoom,1,early-bird
houndoom,2,flash-fire
houndoom,h,unnerve
houndoom-mega,1,solar-power
kingdra,1,swift-swim
kingdra,2,sniper
kingdra,h,damp
phanpy,1,pickup
phanpy,h,sand-veil
donphan,1,sturdy
donphan,h,sand-veil
porygon2,1,trace
porygon2,2,download
porygon2,h,analytic
stantler,1,intimidate
stantler,2,frisk
stantler,h,sap-sipper
smeargle,1,own-tempo
smeargle,2,technician
smeargle,h,moody
tyrogue,1,guts
tyrogue,2,steadfast
tyrogue,h,vital-spirit
hitmontop,1,intimidate
hitmontop,2,technician
hitmontop,h,steadfast
smoochum,1,oblivious
smoochum,2,forewarn
smoochum,h,hydration
elekid,1,static
elekid,h,vital-spirit
magby,1,flame-body
magby,h,vital-spirit
miltank,1,thick-fat
miltank,2,scrappy
miltank,h,sap-sipper
blissey,1,natural-cure
blissey,2,serene-grace
blissey,h,healer
raikou,1,pressure
raikou,h,inner-focus
entei,1,pressure
entei,h,inner-focus
suicune,1,pressure
suicune,h,inner-focus
larvitar,1,guts
larvitar,h,sand-veil
pupitar,1,shed-skin
tyranitar,1,sand-stream
tyranitar,h,unnerve
tyranitar-mega,1,sand-stream
lugia,1,pressure
lugia,h,multiscale
ho-oh,1,pressure
ho-oh,h,regenerator
celebi,1,natural-cure
treecko,1,overgrow
treecko,h,unburden
grovyle,1,overgrow
grovyle,h,unburden
sceptile,1,overgrow
sceptile,h,unburden
sceptile-mega,1,lightning-rod
torchic,1,blaze
torchic,h,speed-boost
combusken,1,blaze
combusken,h,speed-boost
blaziken,1,blaze
blaziken,h,speed-boost
blaziken-mega,1,speed-boost
mudkip,1,torrent
mudkip,h,damp
marshtomp,1,torrent
marshtomp,h,damp
swampert,1,torrent
swampert,h,damp
swampert-mega,1,swift-swim
poochyena,1,run-away
poochyena,2,quick-feet
poochyena,h,rattled
mightyena,1,intimidate
mightyena,2,quick-feet
mightyena,h,moxie
zigzagoon,1,pickup
zigzagoon,2,gluttony
zigzagoon,h,quick-feet
zigzagoon-galarian-form,1,pickup
zigzagoon-galarian-form,2,gluttony
zigzagoon-galarian-form,h,quick-feet
linoone,1,pickup
linoone,2,gluttony
linoone,h,quick-feet
linoone-galarian-form,1,pickup
linoone-galarian-form,2,gluttony
linoone-galarian-form,h,quick-feet
wurmple,1,shield-dust
wurmple,h,run-away
silcoon,1,shed-skin
beautifly,1,swarm
beautifly,h,rivalry
cascoon,1,shed-skin
dustox,1,shield-dust
dustox,h,compound-eyes
lotad,1,swift-swim
lotad,2,rain-dish
lotad,h,own-tempo
lombre,1,swift-swim
lombre,2,rain-dish
lombre,h,own-tempo
ludicolo,1,swift-swim
ludicolo,2,rain-dish
ludicolo,h,own-tempo
seedot,1,chlorophyll
seedot,2,early-bird
seedot,h,pickpocket
nuzleaf,1,chlorophyll
nuzleaf,2,early-bird
nuzleaf,h,pickpocket
shiftry,1,chlorophyll
shiftry,2,wind-rider
shiftry,h,pickpocket
taillow,1,guts
taillow,h,scrappy
swellow,1,guts
swellow,h,scrappy
wingull,1,keen-eye
wingull,2,hydration
wingull,h,rain-dish
pelipper,1,keen-eye
pelipper,2,drizzle
pelipper,h,rain-dish
ralts,1,synchronize
ralts,2,trace
ralts,h,telepathy
kirlia,1,synchronize
kirlia,2,trace
kirlia,h,telepathy
gardevoir,1,synchronize
gardevoir,2,trace
gardevoir,h,telepathy
gardevoir-mega,1,pixilate
surskit,1,swift-swim
surskit,h,rain-dish
masquerain,1,intimidate
masquerain,h,unnerve
shroomish,1,effect-spore
shroomish,2,poison-heal
shroomish,h,quick-feet
breloom,1,effect-spore
breloom,2,poison-heal
breloom,h,technician
slakoth,1,truant
vigoroth,1,vital-spirit
slaking,1,truant
nincada,1,compound-eyes
nincada,h,run-away
ninjask,1,speed-boost
ninjask,h,infiltrator
shedinja,1,wonder-guard
whismur,1,soundproof
whismur,h,rattled
loudred,1,soundproof
loudred,h,scrappy
exploud,1,soundproof
exploud,h,scrappy
makuhita,1,thick-fat
makuhita,2,guts
makuhita,h,sheer-force
hariyama,1,thick-fat
hariyama,2,guts
hariyama,h,sheer-force
azurill,1,thick-fat
azurill,2,huge-power
azurill,h,sap-sipper
nosepass,1,sturdy
nosepass,2,magnet-pull
nosepass,h,sand-force
skitty,1,cute-charm
skitty,2,normalize
skitty,h,wonder-skin
delcatty,1,cute-charm
delcatty,2,normalize
delcatty,h,wonder-skin
sableye,1,keen-eye
sableye,2,stall
sableye,h,prankster
sableye-mega,1,magic-bounce
mawile,1,hyper-cutter
mawile,2,intimidate
mawile,h,sheer-force
mawile-mega,1,huge-power
aron,1,sturdy
aron,2,rock-head
aron,h,heavy-metal
lairon,1,sturdy
lairon,2,rock-head
lairon,h,heavy-metal
aggron,1,sturdy
aggron,2,rock-head
aggron,h,heavy-metal
aggron-mega,1,filter
meditite,1,pure-power
meditite,h,telepathy
medicham,1,pure-power
medicham,h,telepathy
medicham-mega,1,pure-power
electrike,1,static
electrike,2,lightning-rod
electrike,h,minus
manectric,1,static
manectric,2,lightning-rod
manectric,h,minus
manectric-mega,1,intimidate
plusle,1,plus
plusle,h,lightning-rod
minun,1,minus
minun,h,volt-absorb
volbeat,1,illuminate
volbeat,2,swarm
volbeat,h,prankster
illumise,1,oblivious
illumise,2,tinted-lens
illumise,h,prankster
roselia,1,natural-cure
roselia,2,poison-point
roselia,h,leaf-guard
gulpin,1,liquid-ooze
gulpin,2,sticky-hold
gulpin,h,gluttony
swalot,1,liquid-ooze
swalot,2,sticky-hold
swalot,h,gluttony
carvanha,1,rough-skin
carvanha,h,speed-boost
sharpedo,1,rough-skin
sharpedo,h,speed-boost
sharpedo-mega,1,strong-jaw
wailmer,1,water-veil
wailmer,2,oblivious
wailmer,h,pressure
wailord,1,water-veil
wailord,2,oblivious
wailord,h,pressure
numel,1,oblivious
numel,2,simple
numel,h,own-tempo
camerupt,1,magma-armor
camerupt,2,solid-rock
camerupt,h,anger-point
camerupt-mega,1,sheer-force
torkoal,1,white-smoke
torkoal,2,drought
torkoal,h,shell-armor
spoink,1,thick-fat
spoink,2,own-tempo
spoink,h,gluttony
grumpig,1,thick-fat
grumpig,2,own-tempo
grumpig,h,gluttony
spinda,1,own-tempo
spinda,2,tangled-feet
spinda,h,contrary
trapinch,1,hyper-cutter
trapinch,2,arena-trap
trapinch,h,sheer-force
vibrava,1,levitate
flygon,1,levitate
cacnea,1,sand-veil
cacnea,h,water-absorb
cacturne,1,sand-veil
cacturne,h,water-absorb
swablu,1,natural-cure
swablu,h,cloud-nine
altaria,1,natural-cure
altaria,h,cloud-nine
altaria-mega,1,pixilate
zangoose,1,immunity
zangoose,h,toxic-boost
seviper,1,shed-skin
seviper,h,infiltrator
lunatone,1,levitate
solrock,1,levitate
barboach,1,oblivious
barboach,2,anticipation
barboach,h,hydration
whiscash,1,oblivious
whiscash,2,anticipation
whiscash,h,hydration
corphish,1,hyper-cutter
corphish,2,shell-armor
corphish,h,adaptability
crawdaunt,1,hyper-cutter
crawdaunt,2,shell-armor
crawdaunt,h,adaptability
baltoy,1,levitate
claydol,1,levitate
lileep,1,suction-cups
lileep,h,storm-drain
cradily,1,suction-cups
cradily,h,storm-drain
anorith,1,battle-armor
anorith,h,swift-swim
armaldo,1,battle-armor
armaldo,h,swift-swim
feebas,1,swift-swim
feebas,2,oblivious
feebas,h,adaptability
milotic,1,marvel-scale
milotic,2,competitive
milotic,h,cute-charm
castform-normal,1,forecast
castform-sunny-form,1,forecast
castform-rainy-form,1,forecast
castform-snowy-form,1,forecast
kecleon,1,color-change
kecleon,h,protean
shuppet,1,insomnia
shuppet,2,frisk
shuppet,h,cursed-body
banette,1,insomnia
banette,2,frisk
banette,h,cursed-body
banette-mega,1,prankster
duskull,1,levitate
duskull,h,frisk
dusclops,1,pressure
dusclops,h,frisk
tropius,1,chlorophyll
tropius,2,solar-power
tropius,h,harvest
chimecho,1,levitate
absol,1,pressure
absol,2,super-luck
absol,h,justified
absol-mega,1,magic-bounce
wynaut,1,shadow-tag
wynaut,h,telepathy
snorunt,1,inner-focus
snorunt,2,ice-body
snorunt,h,moody
glalie,1,inner-focus
glalie,2,ice-body
glalie,h,moody
glalie-mega,1,refrigerate
spheal,1,thick-fat
spheal,2,ice-body
spheal,h,oblivious
sealeo,1,thick-fat
sealeo,2,ice-body
sealeo,h,oblivious
walrein,1,thick-fat
walrein,2,ice-body
walrein,h,oblivious
clamperl,1,shell-armor
clamperl,h,rattled
huntail,1,swift-swim
huntail,h,water-veil
gorebyss,1,swift-swim
gorebyss,h,hydration
relicanth,1,swift-swim
relicanth,2,rock-head
relicanth,h,sturdy
luvdisc,1,swift-swim
luvdisc,h,hydration
bagon,1,rock-head
bagon,h,sheer-force
shelgon,1,rock-head
shelgon,h,overcoat
salamence,1,intimidate
salamence,h,moxie
salamence-mega,1,aerilate
beldum,1,clear-body
beldum,h,light-metal
metang,1,clear-body
metang,h,light-metal
metagross,1,clear-body
metagross,h,light-metal
metagross-mega,1,tough-claws
regirock,1,clear-body
regirock,h,sturdy
regice,1,clear-body
regice,h,ice-body
registeel,1,clear-body
registeel,h,light-metal
latias,1,levitate
latias-mega,1,levitate
latios,1,levitate
latios-mega,1,levitate
kyogre,1,drizzle
kyogre-primal-reversion,1,primordial-sea
groudon,1,drought
groudon-primal-reversion,1,desolate-land
rayquaza,1,air-lock
rayquaza-mega,1,delta-stream
jirachi,1,serene-grace
deoxys-normal-forme,1,pressure
deoxys-attack-forme,1,pressure
deoxys-defense-forme,1,pressure
deoxys-speed-forme,1,pressure
turtwig,1,overgrow
turtwig,h,shell-armor
grotle,1,overgrow
grotle,h,shell-armor
torterra,1,overgrow
torterra,h,shell-armor
chimchar,1,blaze
chimchar,h,iron-fist
monferno,1,blaze
monferno,h,iron-fist
infernape,1,blaze
infernape,h,iron-fist
piplup,1,torrent
piplup,h,competitive
prinplup,1,torrent
prinplup,h,competitive
empoleon,1,torrent
empoleon,h,competitive
starly,1,keen-eye
starly,h,reckless
staravia,1,intimidate
staravia,h,reckless
staraptor,1,intimidate
staraptor,h,reckless
bidoof,1,simple
bidoof,2,unaware
bidoof,h,moody
bibarel,1,simple
bibarel,2,unaware
bibarel,h,moody
kricketot,1,shed-skin
kricketot,h,run-away
kricketune,1,swarm
kricketune,h,technician
shinx,1,rivalry
shinx,2,intimidate
shinx,h,guts
luxio,1,rivalry
luxio,2,intimidate
luxio,h,guts
luxray,1,rivalry
luxray,2,intimidate
luxray,h,guts
budew,1,natural-cure
budew,2,poison-point
budew,h,leaf-guard
roserade,1,natural-cure
roserade,2,poison-point
roserade,h,technician
cranidos,1,mold-breaker
cranidos,h,sheer-force
rampardos,1,mold-breaker
rampardos,h,sheer-force
shieldon,1,sturdy
shieldon,h,soundproof
bastiodon,1,sturdy
bastiodon,h,soundproof
burmy-plant-cloak,1,shed-skin
burmy-plant-cloak,h,overcoat
burmy-sandy-cloak,1,shed-skin
burmy-sandy-cloak,h,overcoat
burmy-trash-cloak,1,shed-skin
burmy-trash-cloak,h,overcoat
wormadam-plant-cloak,1,anticipation
wormadam-plant-cloak,h,overcoat
wormadam-sandy-cloak,1,anticipation
wormadam-sandy-cloak,h,overcoat
wormadam-trash-cloak,1,anticipation
wormadam-trash-cloak,h,overcoat
mothim,1,swarm
mothim,h,tinted-lens
combee,1,honey-gather
combee,h,hustle
vespiquen,1,pressure
vespiquen,h,unnerve
pachirisu,1,run-away
pachirisu,2,pickup
pachirisu,h,volt-absorb
buizel,1,swift-swim
buizel,h,water-veil
floatzel,1,swift-swim
floatzel,h,water-veil
cherubi,1,chlorophyll
cherrim-overcast-form,1,flower-gift
cherrim-sunshine-form,1,flower-gift
shellos-west-sea,1,sticky-hold
shellos-west-sea,2,storm-drain
shellos-west-sea,h,sand-force
shellos-east-sea,1,sticky-hold
shellos-east-sea,2,storm-drain
shellos-east-sea,h,sand-force
gastrodon-west-sea,1,sticky-hold
gastrodon-west-sea,2,storm-drain
gastrodon-west-sea,h,sand-force
gastrodon-east-sea,1,sticky-hold
gastrodon-east-sea,2,storm-drain
gastrodon-east-sea,h,sand-force
ambipom,1,technician
ambipom,2,pickup
ambipom,h,skill-link
drifloon,1,aftermath
drifloon,2,unburden
drifloon,h,flare-boost
drifblim,1,aftermath
drifblim,2,unburden
drifblim,h,flare-boost
buneary,1,run-away
buneary,2,klutz
buneary,h,limber
lopunny,1,cute-charm
lopunny,2,klutz
lopunny,h,limber
lopunny-mega,1,scrappy
mismagius,1,levitate
honchkrow,1,insomnia
honchkrow,2,super-luck
honchkrow,h,moxie
glameow,1,limber
glameow,2,own-tempo
glameow,h,keen-eye
purugly,1,thick-fat
purugly,2,own-tempo
purugly,h,defiant
chingling,1,levitate
stunky,1,stench
stunky,2,aftermath
stunky,h,keen-eye
skuntank,1,stench
skuntank,2,aftermath
skuntank,h,keen-eye
bronzor,1,levitate
bronzor,2,heatproof
bronzor,h,heavy-metal
bronzong,1,levitate
bronzong,2,heatproof
bronzong,h,heavy-metal
bonsly,1,sturdy
bonsly,2,rock-head
bonsly,h,rattled
mime-jr,1,soundproof
mime-jr,2,filter
mime-jr,h,technician
happiny,1,natural-cure
happiny,2,serene-grace
happiny,h,friend-guard
chatot,1,keen-eye
chatot,2,tangled-feet
chatot,h,big-pecks
spiritomb,1,pressure
spiritomb,h,infiltrator
gible,1,sand-veil
gible,h,rough-skin
gabite,1,sand-veil
gabite,h,rough-skin
garchomp,1,sand-veil
garchomp,h,rough-skin
garchomp-mega,1,sand-force
munchlax,1,pickup
munchlax,2,thick-fat
munchlax,h,gluttony
riolu,1,steadfast
riolu,2,inner-focus
riolu,h,prankster
lucario,1,steadfast
lucario,2,inner-focus
lucario,h,justified
lucario-mega,1,adaptability
hippopotas,1,sand-stream
hippopotas,h,sand-force
hippowdon,1,sand-stream
hippowdon,h,sand-force
skorupi,1,battle-armor
skorupi,2,sniper
skorupi,h,keen-eye
drapion,1,battle-armor
drapion,2,sniper
drapion,h,keen-eye
croagunk,1,anticipation
croagunk,2,dry-skin
croagunk,h,poison-touch
toxicroak,1,anticipation
toxicroak,2,dry-skin
toxicroak,h,poison-touch
carnivine,1,levitate
finneon,1,swift-swim
finneon,2,storm-drain
finneon,h,water-veil
lumineon,1,swift-swim
lumineon,2,storm-drain
lumineon,h,water-veil
mantyke,1,swift-swim
mantyke,2,water-absorb
mantyke,h,water-veil
snover,1,snow-warning
snover,h,soundproof
abomasnow,1,snow-warning
abomasnow,h,soundproof
abomasnow-mega,1,snow-warning
weavile,1,pressure
weavile,h,pickpocket
magnezone,1,magnet-pull
magnezone,2,sturdy
magnezone,h,analytic
lickilicky,1,own-tempo
lickilicky,2,oblivious
lickilicky,h,cloud-nine
rhyperior,1,lightning-rod
rhyperior,2,solid-rock
rhyperior,h,reckless
tangrowth,1,chlorophyll
tangrowth,2,leaf-guard
tangrowth,h,regenerator
electivire,1,motor-drive
electivire,h,vital-spirit
magmortar,1,flame-body
magmortar,h,vital-spirit
togekiss,1,hustle
togekiss,2,serene-grace
togekiss,h,super-luck
yanmega,1,speed-boost
yanmega,2,tinted-lens
yanmega,h,frisk
leafeon,1,leaf-guard
leafeon,h,chlorophyll
glaceon,1,snow-cloak
glaceon,h,ice-body
gliscor,1,hyper-cutter
gliscor,2,sand-veil
gliscor,h,poison-heal
mamoswine,1,oblivious
mamoswine,2,snow-cloak
mamoswine,h,thick-fat
porygon-z,1,adaptability
porygon-z,2,download
porygon-z,h,analytic
gallade,1,steadfast
gallade,2,sharpness
gallade,h,justified
gallade-mega,1,inner-focus
probopass,1,sturdy
probopass,2,magnet-pull
probopass,h,sand-force
dusknoir,1,pressure
dusknoir,h,frisk
froslass,1,snow-cloak
froslass,h,cursed-body
rotom,1,levitate
rotom-heat,1,levitate
rotom-wash,1,levitate
rotom-frost,1,levitate
rotom-fan,1,levitate
rotom-mow,1,levitate
uxie,1,levitate
mesprit,1,levitate
azelf,1,levitate
dialga,1,pressure
dialga,h,telepathy
dialga-origin-forme,1,pressure
dialga-origin-forme,h,telepathy
palkia,1,pressure
palkia,h,telepathy
palkia-origin-forme,1,pressure
palkia-origin-forme,h,telepathy
heatran,1,flash-fire
heatran,h,flame-body
regigigas,1,slow-start
giratina-altered-forme,1,pressure
giratina-altered-forme,h,telepathy
giratina-origin-forme,1,levitate
cresselia,1,levitate
phione,1,hydration
manaphy,1,hydration
darkrai,1,bad-dreams
shaymin-land-forme,1,natural-cure
shaymin-sky-forme,1,serene-grace
arceus-normal-type,1,multitype
arceus-fighting-type,1,multitype
arceus-flying-type,1,multitype
arceus-poison-type,1,multitype
arceus-ground-type,1,multitype
arceus-rock-type,1,multitype
arceus-bug-type,1,multitype
arceus-ghost-type,1,multitype
arceus-steel-type,1,multitype
arceus-fire-type,1,multitype
arceus-water-type,1,multitype
arceus-grass-type,1,multitype
arceus-electric-type,1,multitype
arceus-psychic-type,1,multitype
arceus-ice-type,1,multitype
arceus-dragon-type,1,multitype
arceus-dark-type,1,multitype
arceus-fairy-type,1,multitype
arceus-legend-plate,1,multitype
victini,1,victory-star
snivy,1,overgrow
snivy,h,contrary
servine,1,overgrow
servine,h,contrary
serperior,1,overgrow
serperior,h,contrary
tepig,1,blaze
tepig,h,thick-fat
pignite,1,blaze
pignite,h,thick-fat
emboar,1,blaze
emboar,h,reckless
oshawott,1,torrent
oshawott,h,shell-armor
dewott,1,torrent
dewott,h,shell-armor
samurott,1,torrent
samurott,h,shell-armor
samurott-hisuian-form,1,torrent
samurott-hisuian-form,h,sharpness
patrat,1,run-away
patrat,2,keen-eye
patrat,h,analytic
watchog,1,illuminate
watchog,2,keen-eye
watchog,h,analytic
lillipup,1,vital-spirit
lillipup,2,pickup
lillipup,h,run-away
herdier,1,intimidate
herdier,2,sand-rush
herdier,h,scrappy
stoutland,1,intimidate
stoutland,2,sand-rush
stoutland,h,scrappy
purrloin,1,limber
purrloin,2,unburden
purrloin,h,prankster
liepard,1,limber
liepard,2,unburden
liepard,h,prankster
pansage,1,gluttony
pansage,h,overgrow
simisage,1,gluttony
simisage,h,overgrow
pansear,1,gluttony
pansear,h,blaze
simisear,1,gluttony
simisear,h,blaze
panpour,1,gluttony
panpour,h,torrent
simipour,1,gluttony
simipour,h,torrent
munna,1,forewarn
munna,2,synchronize
munna,h,telepathy
musharna,1,forewarn
musharna,2,synchronize
musharna,h,telepathy
pidove,1,big-pecks
pidove,2,super-luck
pidove,h,rivalry
tranquill,1,big-pecks
tranquill,2,super-luck
tranquill,h,rivalry
unfezant,1,big-pecks
unfezant,2,super-luck
unfezant,h,rivalry
blitzle,1,lightning-rod
blitzle,2,motor-drive
blitzle,h,sap-sipper
zebstrika,1,lightning-rod
zebstrika,2,motor-drive
zebstrika,h,sap-sipper
roggenrola,1,sturdy
roggenrola,2,weak-armor
roggenrola,h,sand-force
boldore,1,sturdy
boldore,2,weak-armor
boldore,h,sand-force
gigalith,1,sturdy
gigalith,2,sand-stream
gigalith,h,sand-force
woobat,1,unaware
woobat,2,klutz
woobat,h,simple
swoobat,1,unaware
swoobat,2,klutz
swoobat,h,simple
drilbur,1,sand-rush
drilbur,2,sand-force
drilbur,h,mold-breaker
excadrill,1,sand-rush
excadrill,2,sand-force
excadrill,h,mold-breaker
audino,1,healer
audino,2,regenerator
audino,h,klutz
audino-mega,1,healer
timburr,1,guts
timburr,2,sheer-force
timburr,h,iron-fist
gurdurr,1,guts
gurdurr,2,sheer-force
gurdurr,h,iron-fist
conkeldurr,1,guts
conkeldurr,2,sheer-force
conkeldurr,h,iron-fist
tympole,1,swift-swim
tympole,2,hydration
tympole,h,water-absorb
palpitoad,1,swift-swim
palpitoad,2,hydration
palpitoad,h,water-absorb
seismitoad,1,swift-swim
seismitoad,2,poison-touch
seismitoad,h,water-absorb
throh,1,guts
throh,2,inner-focus
throh,h,mold-breaker
sawk,1,sturdy
sawk,2,inner-focus
sawk,h,mold-breaker
sewaddle,1,swarm
sewaddle,2,chlorophyll
sewaddle,h,overcoat
swadloon,1,leaf-guard
swadloon,2,chlorophyll
swadloon,h,overcoat
leavanny,1,swarm
leavanny,2,chlorophyll
leavanny,h,overcoat
venipede,1,poison-point
venipede,2,swarm
venipede,h,speed-boost
whirlipede,1,poison-point
whirlipede,2,swarm
whirlipede,h,speed-boost
scolipede,1,poison-point
scolipede,2,swarm
scolipede,h,speed-boost
cottonee,1,prankster
cottonee,2,infiltrator
cottonee,h,chlorophyll
whimsicott,1,prankster
whimsicott,2,infiltrator
whimsicott,h,chlorophyll
petilil,1,chlorophyll
petilil,2,own-tempo
petilil,h,leaf-guard
lilligant,1,chlorophyll
lilligant,2,own-tempo
lilligant,h,leaf-guard
lilligant-hisuian-form,1,chlorophyll
lilligant-hisuian-form,2,hustle
lilligant-hisuian-form,h,leaf-guard
lilligant-lady-form,1,chlorophyll
lilligant-lady-form,2,hustle
lilligant-lady-form,h,leaf-guard
basculin-red-striped-form,1,reckless
basculin-red-striped-form,2,adaptability
basculin-red-striped-form,h,mold-breaker
basculin-blue-striped-form,1,rock-head
basculin-blue-striped-form,2,adaptability
basculin-blue-striped-form,h,mold-breaker
basculin-white-striped-form,1,rattled
basculin-white-striped-form,2,adaptability
basculin-white-striped-form,h,mold-breaker
sandile,1,intimidate
sandile,2,moxie
sandile,h,anger-point
krokorok,1,intimidate
krokorok,2,moxie
krokorok,h,anger-point
krookodile,1,intimidate
krookodile,2,moxie
krookodile,h,anger-point
darumaka,1,hustle
darumaka,h,inner-focus
darumaka-galarian-form,1,hustle
darumaka-galarian-form,h,inner-focus
darmanitan-standard-mode,1,sheer-force
darmanitan-standard-mode,h,zen-mode
darmanitan-zen-mode,1,sheer-force
darmanitan-zen-mode,h,zen-mode
darmanitan-galarian-form-standard-mode,1,gorilla-tactics
darmanitan-galarian-form-standard-mode,h,zen-mode
darmanitan-galarian-form-zen-mode,1,gorilla-tactics
darmanitan-galarian-form-zen-mode,h,zen-mode
maractus,1,water-absorb
maractus,2,chlorophyll
maractus,h,storm-drain
dwebble,1,sturdy
dwebble,2,shell-armor
dwebble,h,weak-armor
crustle,1,sturdy
crustle,2,shell-armor
crustle,h,weak-armor
scraggy,1,shed-skin
scraggy,2,moxie
scraggy,h,intimidate
scrafty,1,shed-skin
scrafty,2,moxie
scrafty,h,intimidate
sigilyph,1,wonder-skin
sigilyph,2,magic-guard
sigilyph,h,tinted-lens
yamask,1,mummy
yamask-galarian-form,1,wandering-spirit
cofagrigus,1,mummy
tirtouga,1,solid-rock
tirtouga,2,sturdy
tirtouga,h,swift-swim
carracosta,1,solid-rock
carracosta,2,sturdy
carracosta,h,swift-swim
archen,1,defeatist
archeops,1,defeatist
trubbish,1,stench
trubbish,2,sticky-hold
trubbish,h,aftermath
garbodor,1,stench
garbodor,2,weak-armor
garbodor,h,aftermath
zorua,1,illusion
zorua-hisuian-form,1,illusion
zoroark,1,illusion
zoroark-hisuian-form,1,illusion
minccino,1,cute-charm
minccino,2,technician
minccino,h,skill-link
cinccino,1,cute-charm
cinccino,2,technician
cinccino,h,skill-link
gothita,1,frisk
gothita,2,competitive
gothita,h,shadow-tag
gothorita,1,frisk
gothorita,2,competitive
gothorita,h,shadow-tag
gothitelle,1,frisk
gothitelle,2,competitive
gothitelle,h,shadow-tag
solosis,1,overcoat
solosis,2,magic-guard
solosis,h,regenerator
duosion,1,overcoat
duosion,2,magic-guard
duosion,h,regenerator
reuniclus,1,overcoat
reuniclus,2,magic-guard
reuniclus,h,regenerator
ducklett,1,keen-eye
ducklett,2,big-pecks
ducklett,h,hydration
swanna,1,keen-eye
swanna,2,big-pecks
swanna,h,hydration
vanillite,1,ice-body
vanillite,2,snow-cloak
vanillite,h,weak-armor
vanillish,1,ice-body
vanillish,2,snow-cloak
vanillish,h,weak-armor
vanilluxe,1,ice-body
vanilluxe,2,snow-warning
vanilluxe,h,weak-armor
deerling-spring-form,1,chlorophyll
deerling-spring-form,2,sap-sipper
deerling-spring-form,h,serene-grace
deerling-summer-form,1,chlorophyll
deerling-summer-form,2,sap-sipper
deerling-summer-form,h,serene-grace
deerling-autumn-form,1,chlorophyll
deerling-autumn-form,2,sap-sipper
deerling-autumn-form,h,serene-grace
deerling-winter-form,1,chlorophyll
deerling-winter-form,2,sap-sipper
deerling-winter-form,h,serene-grace
sawsbuck-spring-form,1,chlorophyll
sawsbuck-spring-form,2,sap-sipper
sawsbuck-spring-form,h,serene-grace
sawsbuck-summer-form,1,chlorophyll
sawsbuck-summer-form,2,sap-sipper
sawsbuck-summer-form,h,serene-grace
sawsbuck-autumn-form,1,chlorophyll
sawsbuck-autumn-form,2,sap-sipper
sawsbuck-autumn-form,h,serene-grace
sawsbuck-winter-form,1,chlorophyll
sawsbuck-winter-form,2,sap-sipper
sawsbuck-winter-form,h,serene-grace
emolga,1,static
emolga,h,motor-drive
karrablast,1,swarm
karrablast,2,shed-skin
karrablast,h,no-guard
escavalier,1,swarm
escavalier,2,shell-armor
escavalier,h,overcoat
foongus,1,effect-spore
foongus,h,regenerator
amoonguss,1,effect-spore
amoonguss,h,regenerator
frillish,1,water-absorb
frillish,2,cursed-body
frillish,h,damp
jellicent,1,water-absorb
jellicent,2,cursed-body
jellicent,h,damp
alomomola,1,healer
alomomola,2,hydration
alomomola,h,regenerator
joltik,1,compound-eyes
joltik,2,unnerve
joltik,h,swarm
galvantula,1,compound-eyes
galvantula,2,unnerve
galvantula,h,swarm
ferroseed,1,iron-barbs
ferrothorn,1,iron-barbs
ferrothorn,h,anticipation
klink,1,plus
klink,2,minus
klink,h,clear-body
klang,1,plus
klang,2,minus
klang,h,clear-body
klinklang,1,plus
klinklang,2,minus
klinklang,h,clear-body
tynamo,1,levitate
eelektrik,1,levitate
eelektross,1,levitate
elgyem,1,telepathy
elgyem,2,synchronize
elgyem,h,analytic
beheeyem,1,telepathy
beheeyem,2,synchronize
beheeyem,h,analytic
litwick,1,flash-fire
litwick,2,flame-body
litwick,h,infiltrator
lampent,1,flash-fire
lampent,2,flame-body
lampent,h,infiltrator
chandelure,1,flash-fire
chandelure,2,flame-body
chandelure,h,infiltrator
axew,1,rivalry
axew,2,mold-breaker
axew,h,unnerve
fraxure,1,rivalry
fraxure,2,mold-breaker
fraxure,h,unnerve
haxorus,1,rivalry
haxorus,2,mold-breaker
haxorus,h,unnerve
cubchoo,1,snow-cloak
cubchoo,2,slush-rush
cubchoo,h,rattled
beartic,1,snow-cloak
beartic,2,slush-rush
beartic,h,swift-swim
cryogonal,1,levitate
shelmet,1,hydration
shelmet,2,shell-armor
shelmet,h,overcoat
accelgor,1,hydration
accelgor,2,sticky-hold
accelgor,h,unburden
stunfisk,1,static
stunfisk,2,limber
stunfisk,h,sand-veil
stunfisk-galarian-form,1,mimicry
mienfoo,1,inner-focus
mienfoo,2,regenerator
mienfoo,h,reckless
mienshao,1,inner-focus
mienshao,2,regenerator
mienshao,h,reckless
druddigon,1,rough-skin
druddigon,2,sheer-force
druddigon,h,mold-breaker
golett,1,iron-fist
golett,2,klutz
golett,h,no-guard
golurk,1,iron-fist
golurk,2,klutz
golurk,h,no-guard
pawniard,1,defiant
pawniard,2,inner-focus
pawniard,h,pressure
bisharp,1,defiant
bisharp,2,inner-focus
bisharp,h,pressure
bouffalant,1,reckless
bouffalant,2,sap-sipper
bouffalant,h,soundproof
rufflet,1,keen-eye
rufflet,2,sheer-force
rufflet,h,hustle
braviary,1,keen-eye
braviary,2,sheer-force
braviary,h,defiant
braviary-hisuian-form,1,keen-eye
braviary-hisuian-form,2,sheer-force
braviary-hisuian-form,h,tinted-lens
vullaby,1,big-pecks
vullaby,2,overcoat
vullaby,h,weak-armor
mandibuzz,1,big-pecks
mandibuzz,2,overcoat
mandibuzz,h,weak-armor
heatmor,1,gluttony
heatmor,2,flash-fire
heatmor,h,white-smoke
durant,1,swarm
durant,2,hustle
durant,h,truant
deino,1,hustle
zweilous,1,hustle
hydreigon,1,levitate
larvesta,1,flame-body
larvesta,h,swarm
volcarona,1,flame-body
volcarona,h,swarm
cobalion,1,justified
terrakion,1,justified
virizion,1,justified
tornadus-incarnate-forme,1,prankster
tornadus-incarnate-forme,h,defiant
tornadus-therian-forme,1,regenerator
thundurus-incarnate-forme,1,prankster
thundurus-incarnate-forme,h,defiant
thundurus-therian-forme,1,volt-absorb
reshiram,1,turboblaze
zekrom,1,teravolt
landorus-incarnate-forme,1,sand-force
landorus-incarnate-forme,h,sheer-force
landorus-therian-forme,1,intimidate
kyurem,1,pressure
kyurem-white,1,turboblaze
kyurem-black,1,teravolt
keldeo-ordinary-form,1,justified
keldeo-resolute-form,1,justified
meloetta-aria-forme,1,serene-grace
meloetta-pirouette-forme,1,serene-grace
genesect,1,download
genesect-douse-drive,1,download
genesect-shock-drive,1,download
genesect-burn-drive,1,download
genesect-chill-drive,1,download
chespin,1,overgrow
chespin,h,bulletproof
quilladin,1,overgrow
quilladin,h,bulletproof
chesnaught,1,overgrow
chesnaught,h,bulletproof
fennekin,1,blaze
fennekin,h,magician
braixen,1,blaze
braixen,h,magician
delphox,1,blaze
delphox,h,magician
froakie,1,torrent
froakie,h,protean
frogadier,1,torrent
frogadier,h,protean
greninja,1,torrent
greninja,h,protean
greninja-battle-bond,1,battle-bond
greninja-ash,1,battle-bond
bunnelby,1,pickup
bunnelby,2,cheek-pouch
bunnelby,h,huge-power
diggersby,1,pickup
diggersby,2,cheek-pouch
diggersby,h,huge-power
fletchling,1,big-pecks
fletchling,h,gale-wings
fletchinder,1,flame-body
fletchinder,h,gale-wings
talonflame,1,flame-body
talonflame,h,gale-wings
scatterbug,1,shield-dust
scatterbug,2,compound-eyes
scatterbug,h,friend-guard
spewpa,1,shed-skin
spewpa,h,friend-guard
vivillon-icy-snow-pattern,1,shield-dust
vivillon-icy-snow-pattern,2,compound-eyes
vivillon-icy-snow-pattern,h,friend-guard
vivillon-polar-pattern,1,shield-dust
vivillon-polar-pattern,2,compound-eyes
vivillon-polar-pattern,h,friend-guard
vivillon-tundra-pattern,1,shield-dust
vivillon-tundra-pattern,2,compound-eyes
vivillon-tundra-pattern,h,friend-guard
vivillon-continental-pattern,1,shield-dust
vivillon-continental-pattern,2,compound-eyes
vivillon-continental-pattern,h,friend-guard
vivillon-garden-pattern,1,shield-dust
vivillon-garden-pattern,2,compound-eyes
vivillon-garden-pattern,h,friend-guard
vivillon-elegant-pattern,1,shield-dust
vivillon-elegant-pattern,2,compound-eyes
vivillon-elegant-pattern,h,friend-guard
vivillon-meadow-pattern,1,shield-dust
vivillon-meadow-pattern,2,compound-eyes
vivillon-meadow-pattern,h,friend-guard
vivillon-modern-pattern,1,shield-dust
vivillon-modern-pattern,2,compound-eyes
vivillon-modern-pattern,h,friend-guard
vivillon-marine-pattern,1,shield-dust
vivillon-marine-pattern,2,compound-eyes
vivillon-marine-pattern,h,friend-guard
vivillon-archipelago-pattern,1,shield-dust
vivillon-archipelago-pattern,2,compound-eyes
vivillon-archipelago-pattern,h,friend-guard
vivillon-high-plains-pattern,1,shield-dust
vivillon-high-plains-pattern,2,compound-eyes
vivillon-high-plains-pattern,h,friend-guard
vivillon-sandstorm-pattern,1,shield-dust
vivillon-sandstorm-pattern,2,compound-eyes
vivillon-sandstorm-pattern,h,friend-guard
vivillon-river-pattern,1,shield-dust
vivillon-river-pattern,2,compound-eyes
vivillon-river-pattern,h,friend-guard
vivillon-monsoon-pattern,1,shield-dust
vivillon-monsoon-pattern,2,compound-eyes
vivillon-monsoon-pattern,h,friend-guard
vivillon-savanna-pattern,1,shield-dust
vivillon-savanna-pattern,2,compound-eyes
vivillon-savanna-pattern,h,friend-guard
vivillon-sun-pattern,1,shield-dust
vivillon-sun-pattern,2,compound-eyes
vivillon-sun-pattern,h,friend-guard
vivillon-ocean-pattern,1,shield-dust
vivillon-ocean-pattern,2,compound-eyes
vivillon-ocean-pattern,h,friend-guard
vivillon-jungle-pattern,1,shield-dust
vivillon-jungle-pattern,2,compound-eyes
vivillon-jungle-pattern,h,friend-guard
vivillon-fancy-pattern,1,shield-dust
vivillon-fancy-pattern,2,compound-eyes
vivillon-fancy-pattern,h,friend-guard
vivillon-poke-ball-pattern,1,shield-dust
vivillon-poke-ball-pattern,2,compound-eyes
vivillon-poke-ball-pattern,h,friend-guard
litleo,1,rivalry
litleo,2,unnerve
litleo,h,moxie
pyroar,1,rivalry
pyroar,2,unnerve
pyroar,h,moxie
flabebe-red-flower,1,flower-veil
flabebe-red-flower,h,symbiosis
flabebe-yellow-flower,1,flower-veil
flabebe-yellow-flower,h,symbiosis
flabebe-orange-flower,1,flower-veil
flabebe-orange-flower,h,symbiosis
flabebe-blue-flower,1,flower-veil
flabebe-blue-flower,h,symbiosis
flabebe-white-flower,1,flower-veil
flabebe-white-flower,h,symbiosis
floette-red-flower,1,flower-veil
floette-red-flower,h,symbiosis
floette-yellow-flower,1,flower-veil
floette-yellow-flower,h,symbiosis
floette-orange-flower,1,flower-veil
floette-orange-flower,h,symbiosis
floette-blue-flower,1,flower-veil
floette-blue-flower,h,symbiosis
floette-white-flower,1,flower-veil
floette-white-flower,h,symbiosis
floette-eternal-flower,1,flower-veil
floette-eternal-flower,h,symbiosis
florges-red-flower,1,flower-veil
florges-red-flower,h,symbiosis
florges-yellow-flower,1,flower-veil
florges-yellow-flower,h,symbiosis
florges-orange-flower,1,flower-veil
florges-orange-flower,h,symbiosis
florges-blue-flower,1,flower-veil
florges-blue-flower,h,symbiosis
florges-white-flower,1,flower-veil
florges-white-flower,h,symbiosis
skiddo,1,sap-sipper
skiddo,h,grass-pelt
gogoat,1,sap-sipper
gogoat,h,grass-pelt
pancham,1,iron-fist
pancham,2,mold-breaker
pancham,h,scrappy
pangoro,1,iron-fist
pangoro,2,mold-breaker
pangoro,h,scrappy
furfrou-natural-form,1,fur-coat
furfrou-heart-trim,1,fur-coat
furfrou-star-trim,1,fur-coat
furfrou-diamond-trim,1,fur-coat
furfrou-debutante-trim,1,fur-coat
furfrou-matron-trim,1,fur-coat
furfrou-dandy-trim,1,fur-coat
furfrou-la-reine-trim,1,fur-coat
furfrou-kabuki-trim,1,fur-coat
furfrou-pharaoh-trim,1,fur-coat
espurr,1,keen-eye
espurr,2,infiltrator
espurr,h,own-tempo
meowstic-male,1,keen-eye
meowstic-male,2,infiltrator
meowstic-male,h,prankster
meowstic-female,1,keen-eye
meowstic-female,2,infiltrator
meowstic-female,h,competitive
honedge,1,no-guard
doublade,1,no-guard
aegislash-shield-forme,1,stance-change
aegislash-blade-forme,1,stance-change
spritzee,1,healer
spritzee,h,aroma-veil
aromatisse,1,healer
aromatisse,h,aroma-veil
swirlix,1,sweet-veil
swirlix,h,unburden
slurpuff,1,sweet-veil
slurpuff,h,unburden
inkay,1,contrary
inkay,2,suction-cups
inkay,h,infiltrator
malamar,1,contrary
malamar,2,suction-cups
malamar,h,infiltrator
binacle,1,tough-claws
binacle,2,sniper
binacle,h,pickpocket
barbaracle,1,tough-claws
barbaracle,2,sniper
barbaracle,h,pickpocket
skrelp,1,poison-point
skrelp,2,poison-touch
skrelp,h,adaptability
dragalge,1,poison-point
dragalge,2,poison-touch
dragalge,h,adaptability
clauncher,1,mega-launcher
clawitzer,1,mega-launcher
helioptile,1,dry-skin
helioptile,2,sand-veil
helioptile,h,solar-power
heliolisk,1,dry-skin
heliolisk,2,sand-veil
heliolisk,h,solar-power
tyrunt,1,strong-jaw
tyrunt,h,sturdy
tyrantrum,1,strong-jaw
tyrantrum,h,rock-head
amaura,1,refrigerate
amaura,h,snow-warning
aurorus,1,refrigerate
aurorus,h,snow-warning
sylveon,1,cute-charm
sylveon,h,pixilate
hawlucha,1,limber
hawlucha,2,unburden
hawlucha,h,mold-breaker
dedenne,1,cheek-pouch
dedenne,2,pickup
dedenne,h,plus
carbink,1,clear-body
carbink,h,sturdy
goomy,1,sap-sipper
goomy,2,hydration
goomy,h,gooey
sliggoo,1,sap-sipper
sliggoo,2,hydration
sliggoo,h,gooey
sliggoo-hisuian-form,1,sap-sipper
sliggoo-hisuian-form,2,shell-armor
sliggoo-hisuian-form,h,gooey
goodra,1,sap-sipper
goodra,2,hydration
goodra,h,gooey
goodra-hisuian-form,1,sap-sipper
goodra-hisuian-form,2,shell-armor
goodra-hisuian-form,h,gooey
klefki,1,prankster
klefki,h,magician
phantump,1,natural-cure
phantump,2,frisk
phantump,h,harvest
trevenant,1,natural-cure
trevenant,2,frisk
trevenant,h,harvest
pumpkaboo-average-size,1,pickup
pumpkaboo-average-size,2,frisk
pumpkaboo-average-size,h,insomnia
pumpkaboo-small-size,1,pickup
pumpkaboo-small-size,2,frisk
pumpkaboo-small-size,h,insomnia
pumpkaboo-large-size,1,pickup
pumpkaboo-large-size,2,frisk
pumpkaboo-large-size,h,insomnia
pumpkaboo-super-size,1,pickup
pumpkaboo-super-size,2,frisk
pumpkaboo-super-size,h,insomnia
gourgeist-average-size,1,pickup
gourgeist-average-size,2,frisk
gourgeist-average-size,h,insomnia
gourgeist-small-size,1,pickup
gourgeist-small-size,2,frisk
gourgeist-small-size,h,insomnia
gourgeist-large-size,1,pickup
gourgeist-large-size,2,frisk
gourgeist-large-size,h,insomnia
gourgeist-super-size,1,pickup
gourgeist-super-size,2,frisk
gourgeist-super-size,h,insomnia
bergmite,1,own-tempo
bergmite,2,ice-body
bergmite,h,sturdy
avalugg,1,own-tempo
avalugg,2,ice-body
avalugg,h,sturdy
avalugg-hisuian-form,1,strong-jaw
avalugg-hisuian-form,2,ice-body
avalugg-hisuian-form,h,sturdy
avalugg-lord-form,1,strong-jaw
avalugg-lord-form,2,ice-body
avalugg-lord-form,h,sturdy
noibat,1,frisk
noibat,2,infiltrator
noibat,h,telepathy
noivern,1,frisk
noivern,2,infiltrator
noivern,h,telepathy
xerneas-neutral-mode,1,fairy-aura
xerneas-active-mode,1,fairy-aura
yveltal,1,dark-aura
zygarde-50-forme,1,aura-break
zygarde-10-forme,1,aura-break
zygarde-10-forme-power-construct,1,power-construct
zygarde-50-forme-power-construct,1,power-construct
zygarde-complete-forme,1,power-construct
diancie,1,clear-body
diancie-mega,1,magic-bounce
hoopa-confined,1,magician
hoopa-unbound,1,magician
volcanion,1,water-absorb
rowlet,1,overgrow
rowlet,h,long-reach
dartrix,1,overgrow
dartrix,h,long-reach
decidueye,1,overgrow
decidueye,h,long-reach
decidueye-hisuian-form,1,overgrow
decidueye-hisuian-form,h,scrappy
litten,1,blaze
litten,h,intimidate
torracat,1,blaze
torracat,h,intimidate
incineroar,1,blaze
incineroar,h,intimidate
popplio,1,torrent
popplio,h,liquid-voice
brionne,1,torrent
brionne,h,liquid-voice
primarina,1,torrent
primarina,h,liquid-voice
pikipek,1,keen-eye
pikipek,2,skill-link
pikipek,h,pickup
trumbeak,1,keen-eye
trumbeak,2,skill-link
trumbeak,h,pickup
toucannon,1,keen-eye
toucannon,2,skill-link
toucannon,h,sheer-force
yungoos,1,stakeout
yungoos,2,strong-jaw
yungoos,h,adaptability
gumshoos,1,stakeout
gumshoos,2,strong-jaw
gumshoos,h,adaptability
gumshoos-totem,1,stakeout
gumshoos-totem,2,strong-jaw
gumshoos-totem,h,adaptability
grubbin,1,swarm
charjabug,1,battery
vikavolt,1,levitate
vikavolt-totem,1,levitate
crabrawler,1,hyper-cutter
crabrawler,2,iron-fist
crabrawler,h,anger-point
crabominable,1,hyper-cutter
crabominable,2,iron-fist
crabominable,h,anger-point
oricorio-baile-style,1,dancer
oricorio-pom-pom-style,1,dancer
oricorio-pau-style,1,dancer
oricorio-sensu-style,1,dancer
cutiefly,1,honey-gather
cutiefly,2,shield-dust
cutiefly,h,sweet-veil
ribombee,1,honey-gather
ribombee,2,shield-dust
ribombee,h,sweet-veil
ribombee-totem,1,honey-gather
ribombee-totem,2,shield-dust
ribombee-totem,h,sweet-veil
rockruff,1,keen-eye
rockruff,2,vital-spirit
rockruff,h,steadfast
rockruff-own-tempo,1,own-tempo
lycanroc-midday-form,1,keen-eye
lycanroc-midday-form,2,sand-rush
lycanroc-midday-form,h,steadfast
lycanroc-midnight-form,1,keen-eye
lycanroc-midnight-form,2,vital-spirit
lycanroc-midnight-form,h,no-guard
lycanroc-dusk-form,1,tough-claws
wishiwashi-solo-form,1,schooling
wishiwashi-school-form,1,schooling
mareanie,1,merciless
mareanie,2,limber
mareanie,h,regenerator
toxapex,1,merciless
toxapex,2,limber
toxapex,h,regenerator
mudbray,1,own-tempo
mudbray,2,stamina
mudbray,h,inner-focus
mudsdale,1,own-tempo
mudsdale,2,stamina
mudsdale,h,inner-focus
dewpider,1,water-bubble
dewpider,h,water-absorb
araquanid,1,water-bubble
araquanid,h,water-absorb
araquanid-totem,1,water-bubble
araquanid-totem,h,water-absorb
fomantis,1,leaf-guard
fomantis,h,contrary
lurantis,1,leaf-guard
lurantis,h,contrary
lurantis-totem,1,leaf-guard
lurantis-totem,h,contrary
morelull,1,illuminate
morelull,2,effect-spore
morelull,h,rain-dish
shiinotic,1,illuminate
shiinotic,2,effect-spore
shiinotic,h,rain-dish
salandit,1,corrosion
salandit,h,oblivious
salazzle,1,corrosion
salazzle,h,oblivious
salazzle-totem,1,corrosion
salazzle-totem,h,oblivious
stufful,1,fluffy
stufful,2,klutz
stufful,h,cute-charm
bewear,1,fluffy
bewear,2,klutz
bewear,h,unnerve
bounsweet,1,leaf-guard
bounsweet,2,oblivious
bounsweet,h,sweet-veil
steenee,1,leaf-guard
steenee,2,oblivious
steenee,h,sweet-veil
tsareena,1,leaf-guard
tsareena,2,queenly-majesty
tsareena,h,sweet-veil
comfey,1,flower-veil
comfey,2,triage
comfey,h,natural-cure
oranguru,1,inner-focus
oranguru,2,telepathy
oranguru,h,symbiosis
passimian,1,receiver
passimian,h,defiant
wimpod,1,wimp-out
golisopod,1,emergency-exit
sandygast,1,water-compaction
sandygast,h,sand-veil
palossand,1,water-compaction
palossand,h,sand-veil
pyukumuku,1,innards-out
pyukumuku,h,unaware
type-null,1,battle-armor
silvally-type-normal,1,rks-system
silvally-type-fighting,1,rks-system
silvally-type-flying,1,rks-system
silvally-type-poison,1,rks-system
silvally-type-ground,1,rks-system
silvally-type-rock,1,rks-system
silvally-type-bug,1,rks-system
silvally-type-ghost,1,rks-system
silvally-type-steel,1,rks-system
silvally-type-fire,1,rks-system
silvally-type-water,1,rks-system
silvally-type-grass,1,rks-system
silvally-type-electric,1,rks-system
silvally-type-psychic,1,rks-system
silvally-type-ice,1,rks-system
silvally-type-dragon,1,rks-system
silvally-type-dark,1,rks-system
silvally-type-fairy,1,rks-system
minior-red-meteor,1,shields-down
minior-orange-meteor,1,shields-down
minior-yellow-meteor,1,shields-down
minior-green-meteor,1,shields-down
minior-blue-meteor,1,shields-down
minior-indigo-meteor,1,shields-down
minior-violet-meteor,1,shields-down
minior-red-core,1,shields-down
minior-orange-core,1,shields-down
minior-yellow-core,1,shields-down
minior-green-core,1,shields-down
minior-blue-core,1,shields-down
minior-indigo-core,1,shields-down
minior-violet-core,1,shields-down
komala,1,comatose
turtonator,1,shell-armor
togedemaru,1,iron-barbs
togedemaru,2,lightning-rod
togedemaru,h,sturdy
togedemaru-totem,1,iron-barbs
togedemaru-totem,2,lightning-rod
togedemaru-totem,h,sturdy
mimikyu-disguised-form,1,disguise
mimikyu-busted-form,1,disguise
mimikyu-totem-disguised-form,1,disguise
mimikyu-totem-busted-form,1,disguise
bruxish,1,dazzling
bruxish,2,strong-jaw
bruxish,h,wonder-skin
drampa,1,berserk
drampa,2,sap-sipper
drampa,h,cloud-nine
dhelmise,1,steelworker
jangmo-o,1,bulletproof
jangmo-o,2,soundproof
jangmo-o,h,overcoat
hakamo-o,1,bulletproof
hakamo-o,2,soundproof
hakamo-o,h,overcoat
kommo-o,1,bulletproof
kommo-o,2,soundproof
kommo-o,h,overcoat
kommo-o-totem,1,bulletproof
kommo-o-totem,2,soundproof
kommo-o-totem,h,overcoat
tapu-koko,1,electric-surge
tapu-koko,h,telepathy
tapu-lele,1,psychic-surge
tapu-lele,h,telepathy
tapu-bulu,1,grassy-surge
tapu-bulu,h,telepathy
tapu-fini,1,misty-surge
tapu-fini,h,telepathy
cosmog,1,unaware
cosmoem,1,sturdy
solgaleo,1,full-metal-body
lunala,1,shadow-shield
nihilego,1,beast-boost
buzzwole,1,beast-boost
pheromosa,1,beast-boost
xurkitree,1,beast-boost
celesteela,1,beast-boost
kartana,1,beast-boost
guzzlord,1,beast-boost
necrozma,1,prism-armor
necrozma-dusk-mane,1,prism-armor
necrozma-dawn-wings,1,prism-armor
necrozma-ultra,1,neuroforce
magearna,1,soul-heart
magearna-original-color,1,soul-heart
marshadow,1,technician
poipole,1,beast-boost
naganadel,1,beast-boost
stakataka,1,beast-boost
blacephalon,1,beast-boost
zeraora,1,volt-absorb
meltan,1,magnet-pull
melmetal,1,iron-fist
grookey,1,overgrow
grookey,h,grassy-surge
thwackey,1,overgrow
thwackey,h,grassy-surge
rillaboom,1,overgrow
rillaboom,h,grassy-surge
scorbunny,1,blaze
scorbunny,h,libero
raboot,1,blaze
raboot,h,libero
cinderace,1,blaze
cinderace,h,libero
sobble,1,torrent
sobble,h,sniper
drizzile,1,torrent
drizzile,h,sniper
inteleon,1,torrent
inteleon,h,sniper
skwovet,1,cheek-pouch
skwovet,h,gluttony
greedent,1,cheek-pouch
greedent,h,gluttony
rookidee,1,keen-eye
rookidee,2,unnerve
rookidee,h,big-pecks
corvisquire,1,keen-eye
corvisquire,2,unnerve
corvisquire,h,big-pecks
corviknight,1,pressure
corviknight,2,unnerve
corviknight,h,mirror-armor
blipbug,1,swarm
blipbug,2,compound-eyes
blipbug,h,telepathy
dottler,1,swarm
dottler,2,compound-eyes
dottler,h,telepathy
orbeetle,1,swarm
orbeetle,2,frisk
orbeetle,h,telepathy
nickit,1,run-away
nickit,2,unburden
nickit,h,stakeout
thievul,1,run-away
thievul,2,unburden
thievul,h,stakeout
gossifleur,1,cotton-down
gossifleur,2,regenerator
gossifleur,h,effect-spore
eldegoss,1,cotton-down
eldegoss,2,regenerator
eldegoss,h,effect-spore
wooloo,1,fluffy
wooloo,2,run-away
wooloo,h,bulletproof
dubwool,1,fluffy
dubwool,2,steadfast
dubwool,h,bulletproof
chewtle,1,strong-jaw
chewtle,2,shell-armor
chewtle,h,swift-swim
drednaw,1,strong-jaw
drednaw,2,shell-armor
drednaw,h,swift-swim
yamper,1,ball-fetch
yamper,h,rattled
boltund,1,strong-jaw
boltund,h,competitive
rolycoly,1,steam-engine
rolycoly,2,heatproof
rolycoly,h,flash-fire
carkol,1,steam-engine
carkol,2,flame-body
carkol,h,flash-fire
coalossal,1,steam-engine
coalossal,2,flame-body
coalossal,h,flash-fire
applin,1,ripen
applin,2,gluttony
applin,h,bulletproof
flapple,1,ripen
flapple,2,gluttony
flapple,h,hustle
appletun,1,ripen
appletun,2,gluttony
appletun,h,thick-fat
silicobra,1,sand-spit
silicobra,2,shed-skin
silicobra,h,sand-veil
sandaconda,1,sand-spit
sandaconda,2,shed-skin
sandaconda,h,sand-veil
cramorant,1,gulp-missile
cramorant-gulping-form,1,gulp-missile
cramorant-gorging-form,1,gulp-missile
arrokuda,1,swift-swim
arrokuda,h,propeller-tail
barraskewda,1,swift-swim
barraskewda,h,propeller-tail
toxel,1,rattled
toxel,2,static
toxel,h,klutz
toxtricity-amped-form,1,punk-rock
toxtricity-amped-form,2,plus
toxtricity-amped-form,h,technician
toxtricity-low-key-form,1,punk-rock
toxtricity-low-key-form,2,minus
toxtricity-low-key-form,h,technician
sizzlipede,1,flash-fire
sizzlipede,2,white-smoke
sizzlipede,h,flame-body
centiskorch,1,flash-fire
centiskorch,2,white-smoke
centiskorch,h,flame-body
clobbopus,1,limber
clobbopus,h,technician
grapploct,1,limber
grapploct,h,technician
sinistea-phony-form,1,weak-armor
sinistea-phony-form,h,cursed-body
sinistea-antique-form,1,weak-armor
sinistea-antique-form,h,cursed-body
polteageist-phony-form,1,weak-armor
polteageist-phony-form,h,cursed-body
polteageist-antique-form,1,weak-armor
polteageist-antique-form,h,cursed-body
hatenna,1,healer
hatenna,2,anticipation
hatenna,h,magic-bounce
hattrem,1,healer
hattrem,2,anticipation
hattrem,h,magic-bounce
hatterene,1,healer
hatterene,2,anticipation
hatterene,h,magic-bounce
impidimp,1,prankster
impidimp,2,frisk
impidimp,h,pickpocket
morgrem,1,prankster
morgrem,2,frisk
morgrem,h,pickpocket
grimmsnarl,1,prankster
grimmsnarl,2,frisk
grimmsnarl,h,pickpocket
obstagoon,1,reckless
obstagoon,2,guts
obstagoon,h,defiant
perrserker,1,battle-armor
perrserker,2,tough-claws
perrserker,h,steely-spirit
cursola,1,weak-armor
cursola,h,perish-body
sirfetchd,1,steadfast
sirfetchd,h,scrappy
mr-rime,1,tangled-feet
mr-rime,2,screen-cleaner
mr-rime,h,ice-body
runerigus,1,wandering-spirit
milcery,1,sweet-veil
milcery,h,aroma-veil
alcremie-vanilla-cream,1,sweet-veil
alcremie-vanilla-cream,h,aroma-veil
alcremie-ruby-cream,1,sweet-veil
alcremie-ruby-cream,h,aroma-veil
alcremie-matcha-cream,1,sweet-veil
alcremie-matcha-cream,h,aroma-veil
alcremie-mint-cream,1,sweet-veil
alcremie-mint-cream,h,aroma-veil
alcremie-lemon-cream,1,sweet-veil
alcremie-lemon-cream,h,aroma-veil
alcremie-salted-cream,1,sweet-veil
alcremie-salted-cream,h,aroma-veil
alcremie-ruby-swirl,1,sweet-veil
alcremie-ruby-swirl,h,aroma-veil
alcremie-caramel-swirl,1,sweet-veil
alcremie-caramel-swirl,h,aroma-veil
alcremie-rainbow-swirl,1,sweet-veil
alcremie-rainbow-swirl,h,aroma-veil
falinks,1,battle-armor
falinks,h,defiant
pincurchin,1,lightning-rod
pincurchin,h,electric-surge
snom,1,shield-dust
snom,h,ice-scales
frosmoth,1,shield-dust
frosmoth,h,ice-scales
stonjourner,1,power-spot
eiscue-ice-face,1,ice-face
eiscue-noice-face,1,ice-face
indeedee-male,1,inner-focus
indeedee-male,2,synchronize
indeedee-male,h,psychic-surge
indeedee-female,1,own-tempo
indeedee-female,2,synchronize
indeedee-female,h,psychic-surge
morpeko-full-belly-mode,1,hunger-switch
morpeko-hangry-mode,1,hunger-switch
cufant,1,sheer-force
cufant,h,heavy-metal
copperajah,1,sheer-force
copperajah,h,heavy-metal
dracozolt,1,volt-absorb
dracozolt,2,hustle
dracozolt,h,sand-rush
arctozolt,1,volt-absorb
arctozolt,2,static
arctozolt,h,slush-rush
dracovish,1,water-absorb
dracovish,2,strong-jaw
dracovish,h,sand-rush
arctovish,1,water-absorb
arctovish,2,ice-body
arctovish,h,slush-rush
duraludon,1,light-metal
duraludon,2,heavy-metal
duraludon,h,stalwart
dreepy,1,clear-body
dreepy,2,infiltrator
dreepy,h,cursed-body
drakloak,1,clear-body
drakloak,2,infiltrator
drakloak,h,cursed-body
dragapult,1,clear-body
dragapult,2,infiltrator
dragapult,h,cursed-body
zacian-hero-of-many-battles,1,intrepid-sword
zacian-crowned-sword,1,intrepid-sword
zamazenta-hero-of-many-battles,1,dauntless-shield
zamazenta-crowned-shield,1,dauntless-shield
eternatus,1,pressure
eternatus-eternamax,1,pressure
kubfu,1,inner-focus
urshifu-single-strike-style,1,unseen-fist
urshifu-rapid-strike-style,1,unseen-fist
zarude,1,leaf-guard
zarude-dada,1,leaf-guard
regieleki,1,transistor
regidrago,1,dragons-maw
glastrier,1,chilling-neigh
spectrier,1,grim-neigh
calyrex,1,unnerve
calyrex-ice-rider,1,as-one--glastrier
calyrex-shadow-rider,1,as-one--spectrier
wyrdeer,1,intimidate
wyrdeer,2,frisk
wyrdeer,h,sap-sipper
kleavor,1,swarm
kleavor,2,sheer-force
kleavor,h,sharpness
kleavor-lord-form,1,swarm
kleavor-lord-form,2,sheer-force
kleavor-lord-form,h,steadfast
ursaluna,1,guts
ursaluna,2,bulletproof
ursaluna,h,unnerve
ursaluna-bloodmoon,1,minds-eye
basculegion-male,1,swift-swim
basculegion-male,2,adaptability
basculegion-male,h,mold-breaker
basculegion-female,1,swift-swim
basculegion-female,2,adaptability
basculegion-female,h,mold-breaker
sneasler,1,pressure
sneasler,2,unburden
sneasler,h,poison-touch
overqwil,1,poison-point
overqwil,2,swift-swim
overqwil,h,intimidate
enamorus-incarnate-forme,1,cute-charm
enamorus-incarnate-forme,h,contrary
enamorus-therian-forme,1,overcoat
sprigatito,1,overgrow
sprigatito,h,protean
floragato,1,overgrow
floragato,h,protean
meowscarada,1,overgrow
meowscarada,h,protean
fuecoco,1,blaze
fuecoco,h,unaware
crocalor,1,blaze
crocalor,h,unaware
skeledirge,1,blaze
skeledirge,h,unaware
quaxly,1,torrent
quaxly,h,moxie
quaxwell,1,torrent
quaxwell,h,moxie
quaquaval,1,torrent
quaquaval,h,moxie
lechonk,1,aroma-veil
lechonk,2,gluttony
lechonk,h,thick-fat
oinkologne-male,1,lingering-aroma
oinkologne-male,2,gluttony
oinkologne-male,h,thick-fat
oinkologne-female,1,aroma-veil
oinkologne-female,2,gluttony
oinkologne-female,h,thick-fat
tarountula,1,insomnia
tarountula,h,stakeout
spidops,1,insomnia
spidops,h,stakeout
nymble,1,swarm
nymble,h,tinted-lens
lokix,1,swarm
lokix,h,tinted-lens
pawmi,1,static
pawmi,2,natural-cure
pawmi,h,iron-fist
pawmo,1,volt-absorb
pawmo,2,natural-cure
pawmo,h,iron-fist
pawmot,1,volt-absorb
pawmot,2,natural-cure
pawmot,h,iron-fist
tandemaus,1,run-away
tandemaus,2,pickup
tandemaus,h,own-tempo
maushold-family-of-three,1,friend-guard
maushold-family-of-three,2,cheek-pouch
maushold-family-of-three,h,technician
maushold-family-of-four,1,friend-guard
maushold-family-of-four,2,cheek-pouch
maushold-family-of-four,h,technician
fidough,1,own-tempo
fidough,h,klutz
dachsbun,1,well-baked-body
dachsbun,h,aroma-veil
smoliv,1,early-bird
smoliv,h,harvest
dolliv,1,early-bird
dolliv,h,harvest
arboliva,1,seed-sower
arboliva,h,harvest
squawkabilly-green-plumage,1,intimidate
squawkabilly-green-plumage,2,hustle
squawkabilly-green-plumage,h,guts
squawkabilly-blue-plumage,1,intimidate
squawkabilly-blue-plumage,2,hustle
squawkabilly-blue-plumage,h,guts
squawkabilly-yellow-plumage,1,intimidate
squawkabilly-yellow-plumage,2,hustle
squawkabilly-yellow-plumage,h,sheer-force
squawkabilly-white-plumage,1,intimidate
squawkabilly-white-plumage,2,hustle
squawkabilly-white-plumage,h,sheer-force
nacli,1,purifying-salt
nacli,2,sturdy
nacli,h,clear-body
naclstack,1,purifying-salt
naclstack,2,sturdy
naclstack,h,clear-body
garganacl,1,purifying-salt
garganacl,2,sturdy
garganacl,h,clear-body
charcadet,1,flash-fire
charcadet,h,flame-body
armarouge,1,flash-fire
armarouge,h,weak-armor
ceruledge,1,flash-fire
ceruledge,h,weak-armor
tadbulb,1,own-tempo
tadbulb,2,static
tadbulb,h,damp
bellibolt,1,electromorphosis
bellibolt,2,static
bellibolt,h,damp
wattrel,1,wind-power
wattrel,2,volt-absorb
wattrel,h,competitive
kilowattrel,1,wind-power
kilowattrel,2,volt-absorb
kilowattrel,h,competitive
maschiff,1,intimidate
maschiff,2,run-away
maschiff,h,stakeout
mabosstiff,1,intimidate
mabosstiff,2,guard-dog
mabosstiff,h,stakeout
shroodle,1,unburden
shroodle,2,pickpocket
shroodle,h,prankster
grafaiai,1,unburden
grafaiai,2,poison-touch
grafaiai,h,prankster
bramblin,1,wind-rider
bramblin,h,infiltrator
brambleghast,1,wind-rider
brambleghast,h,infiltrator
toedscool,1,mycelium-might
toedscruel,1,mycelium-might
klawf,1,anger-shell
klawf,2,shell-armor
klawf,h,regenerator
capsakid,1,chlorophyll
capsakid,2,insomnia
capsakid,h,klutz
scovillain,1,chlorophyll
scovillain,2,insomnia
scovillain,h,moody
rellor,1,compound-eyes
rellor,h,shed-skin
rabsca,1,synchronize
rabsca,h,telepathy
flittle,1,anticipation
flittle,2,frisk
flittle,h,speed-boost
espathra,1,opportunist
espathra,2,frisk
espathra,h,speed-boost
tinkatink,1,mold-breaker
tinkatink,2,own-tempo
tinkatink,h,pickpocket
tinkatuff,1,mold-breaker
tinkatuff,2,own-tempo
tinkatuff,h,pickpocket
tinkaton,1,mold-breaker
tinkaton,2,own-tempo
tinkaton,h,pickpocket
wiglett,1,gooey
wiglett,2,rattled
wiglett,h,sand-veil
wugtrio,1,gooey
wugtrio,2,rattled
wugtrio,h,sand-veil
bombirdier,1,big-pecks
bombirdier,2,keen-eye
bombirdier,h,rocky-payload
finizen,1,water-veil
palafin-zero-form,1,zero-to-hero
palafin-hero-form,1,zero-to-hero
varoom,1,overcoat
varoom,h,slow-start
revavroom,1,overcoat
revavroom,h,filter
cyclizar,1,shed-skin
cyclizar,h,regenerator
orthworm,1,earth-eater
orthworm,h,sand-veil
glimmet,1,toxic-debris
glimmet,h,corrosion
glimmora,1,toxic-debris
glimmora,h,corrosion
greavard,1,pickup
greavard,h,fluffy
houndstone,1,sand-rush
houndstone,h,fluffy
flamigo,1,scrappy
flamigo,2,tangled-feet
flamigo,h,costar
cetoddle,1,thick-fat
cetoddle,2,snow-cloak
cetoddle,h,sheer-force
cetitan,1,thick-fat
cetitan,2,slush-rush
cetitan,h,sheer-force
veluza,1,mold-breaker
veluza,h,sharpness
dondozo,1,unaware
dondozo,2,oblivious
dondozo,h,water-veil
tatsugiri-curly-form,1,commander
tatsugiri-curly-form,h,storm-drain
tatsugiri-droopy-form,1,commander
tatsugiri-droopy-form,h,storm-drain
tatsugiri-stretchy-form,1,commander
tatsugiri-stretchy-form,h,storm-drain
annihilape,1,vital-spirit
annihilape,2,inner-focus
annihilape,h,defiant
clodsire,1,poison-point
clodsire,2,water-absorb
clodsire,h,unaware
farigiraf,1,cud-chew
farigiraf,2,armor-tail
farigiraf,h,sap-sipper
dudunsparce-two-segment-form,1,serene-grace
dudunsparce-two-segment-form,2,run-away
dudunsparce-two-segment-form,h,rattled
dudunsparce-three-segment-form,1,serene-grace
dudunsparce-three-segment-form,2,run-away
dudunsparce-three-segment-form,h,rattled
kingambit,1,defiant
kingambit,2,supreme-overlord
kingambit,h,pressure
great-tusk,1,protosynthesis
scream-tail,1,protosynthesis
brute-bonnet,1,protosynthesis
flutter-mane,1,protosynthesis
slither-wing,1,protosynthesis
sandy-shocks,1,protosynthesis
iron-treads,1,quark-drive
iron-bundle,1,quark-drive
iron-hands,1,quark-drive
iron-jugulis,1,quark-drive
iron-moth,1,quark-drive
iron-thorns,1,quark-drive
frigibax,1,thermal-exchange
frigibax,h,ice-body
arctibax,1,thermal-exchange
arctibax,h,ice-body
baxcalibur,1,thermal-exchange
baxcalibur,h,ice-body
gimmighoul-chest-form,1,rattled
gimmighoul-roaming-form,1,run-away
gholdengo,1,good-as-gold
wo-chien,1,tablets-of-ruin
chien-pao,1,sword-of-ruin
ting-lu,1,vessel-of-ruin
chi-yu,1,beads-of-ruin
roaring-moon,1,protosynthesis
iron-valiant,1,quark-drive
koraidon-apex-build,1,orichalcum-pulse
koraidon-limited-build,1,orichalcum-pulse
koraidon-sprinting-build,1,orichalcum-pulse
koraidon-swimming-build,1,orichalcum-pulse
koraidon-gliding-build,1,orichalcum-pulse
miraidon-ultimate-mode,1,hadron-engine
miraidon-low-power-mode,1,hadron-engine
miraidon-drive-mode,1,hadron-engine
miraidon-aquatic-mode,1,hadron-engine
miraidon-glide-mode,1,hadron-engine
walking-wake,1,protosynthesis
iron-leaves,1,quark-drive
dipplin,1,supersweet-syrup
dipplin,2,gluttony
dipplin,h,sticky-hold
poltchageist-counterfeit-form,1,hospitality
poltchageist-counterfeit-form,h,heatproof
poltchageist-artisan-form,1,hospitality
poltchageist-artisan-form,h,heatproof
sinistcha-unremarkable-form,1,hospitality
sinistcha-unremarkable-form,h,heatproof
sinistcha-masterpiece-form,1,hospitality
sinistcha-masterpiece-form,h,heatproof
okidogi,1,toxic-chain
okidogi,h,guard-dog
munkidori,1,toxic-chain
munkidori,h,frisk
fezandipiti,1,toxic-chain
fezandipiti,h,technician
ogerpon-teal-mask,1,defiant
ogerpon-wellspring-mask,1,water-absorb
ogerpon-hearthflame-mask,1,mold-breaker
ogerpon-cornerstone-mask,1,sturdy
ogerpon-teal-mask-tera,1,embody-aspect--teal-mask
ogerpon-wellspring-mask-tera,1,embody-aspect--wellspring-mask
ogerpon-hearthflame-mask-tera,1,embody-aspect--hearthflame-mask
ogerpon-cornerstone-mask-tera,1,embody-aspect--cornerstone-mask
archaludon,1,stamina
archaludon,2,sturdy
archaludon,h,stalwart
hydrapple,1,supersweet-syrup
hydrapple,2,regenerator
hydrapple,h,sticky-hold
gouging-fire,1,protosynthesis
raging-bolt,1,protosynthesis
iron-boulder,1,quark-drive
iron-crown,1,quark-drive
terapagos-normal-form,1,tera-shift
terapagos-terastal-form,1,tera-shell
terapagos-stellar-form,1,teraform-zero
pecharunt,1,poison-puppeteer
